case_id,sample_id,sample_race,sample_sex,offered_wage,previous_wage,acceptance_yn
26.0,1.0,3.0,1.0,335.0,500.0,y
26.0,1.0,3.0,1.0,335.0,500.0,n
45.0,1.0,3.0,1.0,600.0,686.0,y
45.0,1.0,3.0,1.0,400.0,686.0,n
68.0,5.0,3.0,2.0,500.0,320.0,y
68.0,5.0,3.0,2.0,500.0,320.0,n
74.0,5.0,3.0,2.0,400.0,416.0,y
74.0,5.0,3.0,2.0,370.0,416.0,n
119.0,1.0,3.0,1.0,340.0,262.0,y
119.0,1.0,3.0,1.0,340.0,262.0,n
152.0,5.0,3.0,2.0,437.0,300.0,y
152.0,5.0,3.0,2.0,500.0,300.0,n
162.0,1.0,3.0,1.0,375.0,375.0,y
162.0,1.0,3.0,1.0,350.0,375.0,n
213.0,1.0,3.0,1.0,200.0,375.0,y
213.0,1.0,3.0,1.0,315.0,375.0,n
242.0,5.0,3.0,2.0,600.0,361.0,y
242.0,5.0,3.0,2.0,460.0,361.0,n
261.0,1.0,3.0,1.0,500.0,320.0,y
261.0,1.0,3.0,1.0,290.0,320.0,n
275.0,6.0,3.0,2.0,350.0,335.0,y
275.0,6.0,3.0,2.0,335.0,335.0,n
294.0,5.0,3.0,2.0,625.0,312.0,y
294.0,5.0,3.0,2.0,325.0,312.0,n
372.0,1.0,3.0,1.0,400.0,435.0,y
372.0,1.0,3.0,1.0,350.0,435.0,n
408.0,1.0,3.0,1.0,543.0,533.0,y
408.0,1.0,3.0,1.0,450.0,533.0,n
416.0,5.0,3.0,2.0,800.0,833.0,y
416.0,5.0,3.0,2.0,650.0,833.0,n
437.0,5.0,3.0,2.0,585.0,450.0,y
437.0,5.0,3.0,2.0,250.0,450.0,n
454.0,5.0,3.0,2.0,783.0,350.0,y
454.0,5.0,3.0,2.0,335.0,350.0,n
488.0,1.0,3.0,1.0,350.0,970.0,y
488.0,1.0,3.0,1.0,290.0,970.0,n
509.0,1.0,3.0,1.0,345.0,310.0,y
509.0,1.0,3.0,1.0,285.0,310.0,n
547.0,1.0,3.0,1.0,1538.0,960.0,y
547.0,1.0,3.0,1.0,290.0,960.0,n
671.0,3.0,2.0,1.0,400.0,250.0,y
671.0,3.0,2.0,1.0,335.0,250.0,n
732.0,1.0,3.0,1.0,800.0,425.0,y
732.0,1.0,3.0,1.0,585.0,425.0,n
755.0,8.0,1.0,2.0,680.0,486.0,y
755.0,8.0,1.0,2.0,325.0,486.0,n
851.0,1.0,3.0,1.0,850.0,625.0,y
851.0,1.0,3.0,1.0,400.0,625.0,n
855.0,5.0,3.0,2.0,465.0,348.0,y
855.0,5.0,3.0,2.0,466.0,348.0,n
868.0,1.0,3.0,1.0,166.0,320.0,y
868.0,1.0,3.0,1.0,350.0,320.0,n
1001.0,7.0,2.0,2.0,335.0,390.0,y
1001.0,7.0,2.0,2.0,335.0,390.0,n
1042.0,2.0,3.0,1.0,350.0,341.0,y
1042.0,2.0,3.0,1.0,450.0,341.0,n
1054.0,1.0,3.0,1.0,355.0,312.0,y
1054.0,1.0,3.0,1.0,400.0,312.0,n
1064.0,1.0,3.0,1.0,956.0,700.0,y
1064.0,1.0,3.0,1.0,642.0,700.0,n
1072.0,3.0,2.0,1.0,333.0,500.0,y
1072.0,3.0,2.0,1.0,460.0,500.0,n
1073.0,7.0,2.0,2.0,375.0,240.0,y
1073.0,7.0,2.0,2.0,365.0,240.0,n
1106.0,5.0,3.0,2.0,425.0,150.0,y
1106.0,5.0,3.0,2.0,320.0,150.0,n
1156.0,3.0,2.0,1.0,441.0,432.0,y
1156.0,3.0,2.0,1.0,310.0,432.0,n
1178.0,5.0,3.0,2.0,370.0,315.0,y
1178.0,5.0,3.0,2.0,335.0,315.0,n
1207.0,7.0,2.0,2.0,345.0,325.0,y
1207.0,7.0,2.0,2.0,335.0,325.0,n
1234.0,5.0,3.0,2.0,800.0,425.0,y
1234.0,5.0,3.0,2.0,800.0,425.0,n
1571.0,5.0,3.0,2.0,257.0,250.0,y
1571.0,5.0,3.0,2.0,350.0,250.0,n
1584.0,5.0,3.0,2.0,415.0,365.0,y
1584.0,5.0,3.0,2.0,340.0,365.0,n
1624.0,5.0,3.0,2.0,625.0,325.0,y
1624.0,5.0,3.0,2.0,335.0,325.0,n
1628.0,1.0,3.0,1.0,581.0,390.0,y
1628.0,1.0,3.0,1.0,330.0,390.0,n
1629.0,5.0,3.0,2.0,955.0,451.0,y
1629.0,5.0,3.0,2.0,275.0,451.0,n
1637.0,1.0,3.0,1.0,375.0,310.0,y
1637.0,1.0,3.0,1.0,350.0,310.0,n
1645.0,4.0,1.0,1.0,581.0,1000.0,y
1645.0,4.0,1.0,1.0,900.0,1000.0,n
1653.0,1.0,3.0,1.0,1025.0,860.0,y
1653.0,1.0,3.0,1.0,320.0,860.0,n
1715.0,3.0,2.0,1.0,550.0,375.0,y
1715.0,3.0,2.0,1.0,450.0,375.0,n
1838.0,8.0,1.0,2.0,705.0,390.0,y
1838.0,8.0,1.0,2.0,340.0,390.0,n
1865.0,5.0,3.0,2.0,260.0,458.0,y
1865.0,5.0,3.0,2.0,335.0,458.0,n
1903.0,1.0,3.0,1.0,527.0,525.0,y
1903.0,1.0,3.0,1.0,450.0,525.0,n
1922.0,5.0,3.0,2.0,400.0,333.0,y
1922.0,5.0,3.0,2.0,335.0,333.0,n
2011.0,5.0,3.0,2.0,462.0,350.0,y
2011.0,5.0,3.0,2.0,600.0,350.0,n
2030.0,6.0,3.0,2.0,360.0,308.0,y
2030.0,6.0,3.0,2.0,335.0,308.0,n
2062.0,5.0,3.0,2.0,500.0,310.0,y
2062.0,5.0,3.0,2.0,265.0,310.0,n
2086.0,1.0,3.0,1.0,405.0,358.0,y
2086.0,1.0,3.0,1.0,265.0,358.0,n
2108.0,1.0,3.0,1.0,1003.0,437.0,y
2108.0,1.0,3.0,1.0,550.0,437.0,n
2109.0,1.0,3.0,1.0,350.0,290.0,y
2109.0,1.0,3.0,1.0,335.0,290.0,n
2133.0,5.0,3.0,2.0,153.0,270.0,y
2133.0,5.0,3.0,2.0,335.0,270.0,n
2153.0,5.0,3.0,2.0,275.0,185.0,y
2153.0,5.0,3.0,2.0,335.0,185.0,n
2327.0,1.0,3.0,1.0,380.0,310.0,y
2327.0,1.0,3.0,1.0,340.0,310.0,n
2329.0,1.0,3.0,1.0,686.0,350.0,y
2329.0,1.0,3.0,1.0,310.0,350.0,n
2415.0,1.0,3.0,1.0,465.0,371.0,y
2415.0,1.0,3.0,1.0,335.0,371.0,n
2416.0,5.0,3.0,2.0,350.0,245.0,y
2416.0,5.0,3.0,2.0,265.0,245.0,n
2429.0,1.0,3.0,1.0,415.0,330.0,y
2429.0,1.0,3.0,1.0,225.0,330.0,n
2435.0,5.0,3.0,2.0,500.0,200.0,y
2435.0,5.0,3.0,2.0,335.0,200.0,n
2436.0,5.0,3.0,2.0,595.0,502.0,y
2436.0,5.0,3.0,2.0,300.0,502.0,n
2495.0,1.0,3.0,1.0,700.0,700.0,y
2495.0,1.0,3.0,1.0,800.0,700.0,n
2506.0,1.0,3.0,1.0,498.0,290.0,y
2506.0,1.0,3.0,1.0,375.0,290.0,n
2690.0,8.0,1.0,2.0,340.0,310.0,y
2690.0,8.0,1.0,2.0,325.0,310.0,n
2701.0,8.0,1.0,2.0,364.0,110.0,y
2701.0,8.0,1.0,2.0,364.0,110.0,n
2764.0,3.0,2.0,1.0,340.0,287.0,y
2764.0,3.0,2.0,1.0,500.0,287.0,n
2774.0,1.0,3.0,1.0,1145.0,400.0,y
2774.0,1.0,3.0,1.0,300.0,400.0,n
2783.0,1.0,3.0,1.0,1011.0,133.0,y
2783.0,1.0,3.0,1.0,925.0,133.0,n
2842.0,1.0,3.0,1.0,725.0,635.0,y
2842.0,1.0,3.0,1.0,360.0,635.0,n
2858.0,1.0,3.0,1.0,500.0,115.0,y
2858.0,1.0,3.0,1.0,400.0,115.0,n
2938.0,5.0,3.0,2.0,500.0,350.0,y
2938.0,5.0,3.0,2.0,350.0,350.0,n
2974.0,1.0,3.0,1.0,321.0,290.0,y
2974.0,1.0,3.0,1.0,450.0,290.0,n
3002.0,4.0,1.0,1.0,375.0,392.0,y
3002.0,4.0,1.0,1.0,335.0,392.0,n
3018.0,1.0,3.0,1.0,391.0,230.0,y
3018.0,1.0,3.0,1.0,310.0,230.0,n
3054.0,6.0,3.0,2.0,514.0,475.0,y
3054.0,6.0,3.0,2.0,375.0,475.0,n
3064.0,7.0,2.0,2.0,405.0,325.0,y
3064.0,7.0,2.0,2.0,350.0,325.0,n
3101.0,5.0,3.0,2.0,335.0,125.0,y
3101.0,5.0,3.0,2.0,175.0,125.0,n
3146.0,5.0,3.0,2.0,350.0,310.0,y
3146.0,5.0,3.0,2.0,350.0,310.0,n
3196.0,1.0,3.0,1.0,820.0,730.0,y
3196.0,1.0,3.0,1.0,265.0,730.0,n
3200.0,1.0,3.0,1.0,812.0,612.0,y
3200.0,1.0,3.0,1.0,450.0,612.0,n
3211.0,1.0,3.0,1.0,581.0,485.0,y
3211.0,1.0,3.0,1.0,340.0,485.0,n
3230.0,1.0,3.0,1.0,563.0,245.0,y
3230.0,1.0,3.0,1.0,335.0,245.0,n
3363.0,5.0,3.0,2.0,579.0,400.0,y
3363.0,5.0,3.0,2.0,125.0,400.0,n
3423.0,5.0,3.0,2.0,714.0,355.0,y
3423.0,5.0,3.0,2.0,200.0,355.0,n
3508.0,5.0,3.0,2.0,240.0,320.0,y
3508.0,5.0,3.0,2.0,400.0,320.0,n
3524.0,5.0,3.0,2.0,201.0,375.0,y
3524.0,5.0,3.0,2.0,175.0,375.0,n
3597.0,5.0,3.0,2.0,385.0,283.0,y
3597.0,5.0,3.0,2.0,260.0,283.0,n
3620.0,1.0,3.0,1.0,509.0,310.0,y
3620.0,1.0,3.0,1.0,375.0,310.0,n
3629.0,5.0,3.0,2.0,400.0,450.0,y
3629.0,5.0,3.0,2.0,335.0,450.0,n
3715.0,5.0,3.0,2.0,601.0,406.0,y
3715.0,5.0,3.0,2.0,365.0,406.0,n
3719.0,5.0,3.0,2.0,524.0,424.0,y
3719.0,5.0,3.0,2.0,310.0,424.0,n
3720.0,5.0,3.0,2.0,743.0,600.0,y
3720.0,5.0,3.0,2.0,700.0,600.0,n
3772.0,5.0,3.0,2.0,480.0,300.0,y
3772.0,5.0,3.0,2.0,270.0,300.0,n
3786.0,5.0,3.0,2.0,398.0,384.0,y
3786.0,5.0,3.0,2.0,315.0,384.0,n
3790.0,5.0,3.0,2.0,440.0,343.0,y
3790.0,5.0,3.0,2.0,265.0,343.0,n
3802.0,5.0,3.0,2.0,384.0,625.0,y
3802.0,5.0,3.0,2.0,335.0,625.0,n
3836.0,5.0,3.0,2.0,335.0,310.0,y
3836.0,5.0,3.0,2.0,335.0,310.0,n
3848.0,1.0,3.0,1.0,800.0,400.0,y
3848.0,1.0,3.0,1.0,525.0,400.0,n
3961.0,1.0,3.0,1.0,650.0,375.0,y
3961.0,1.0,3.0,1.0,350.0,375.0,n
3970.0,5.0,3.0,2.0,564.0,350.0,y
3970.0,5.0,3.0,2.0,335.0,350.0,n
3973.0,1.0,3.0,1.0,721.0,441.0,y
3973.0,1.0,3.0,1.0,300.0,441.0,n
4148.0,5.0,3.0,2.0,335.0,733.0,y
4148.0,5.0,3.0,2.0,335.0,733.0,n
4252.0,5.0,3.0,2.0,565.0,100.0,y
4252.0,5.0,3.0,2.0,350.0,100.0,n
4254.0,5.0,3.0,2.0,400.0,127.0,y
4254.0,5.0,3.0,2.0,350.0,127.0,n
4315.0,3.0,2.0,1.0,750.0,475.0,y
4315.0,3.0,2.0,1.0,550.0,475.0,n
4336.0,1.0,3.0,1.0,100.0,310.0,y
4336.0,1.0,3.0,1.0,365.0,310.0,n
4340.0,4.0,1.0,1.0,650.0,471.0,y
4340.0,4.0,1.0,1.0,350.0,471.0,n
4352.0,6.0,3.0,2.0,750.0,586.0,y
4352.0,6.0,3.0,2.0,181.0,586.0,n
4364.0,4.0,1.0,1.0,355.0,400.0,y
4364.0,4.0,1.0,1.0,365.0,400.0,n
4479.0,5.0,3.0,2.0,500.0,415.0,y
4479.0,5.0,3.0,2.0,310.0,415.0,n
4509.0,1.0,3.0,1.0,500.0,400.0,y
4509.0,1.0,3.0,1.0,325.0,400.0,n
4527.0,8.0,1.0,2.0,872.0,450.0,y
4527.0,8.0,1.0,2.0,475.0,450.0,n
4536.0,5.0,3.0,2.0,474.0,333.0,y
4536.0,5.0,3.0,2.0,356.0,333.0,n
4598.0,5.0,3.0,2.0,587.0,232.0,y
4598.0,5.0,3.0,2.0,335.0,232.0,n
4635.0,1.0,3.0,1.0,340.0,437.0,y
4635.0,1.0,3.0,1.0,335.0,437.0,n
4653.0,6.0,3.0,2.0,800.0,150.0,y
4653.0,6.0,3.0,2.0,380.0,150.0,n
4674.0,5.0,3.0,2.0,543.0,600.0,y
4674.0,5.0,3.0,2.0,145.0,600.0,n
4690.0,5.0,3.0,2.0,394.0,166.0,y
4690.0,5.0,3.0,2.0,365.0,166.0,n
4717.0,5.0,3.0,2.0,365.0,350.0,y
4717.0,5.0,3.0,2.0,400.0,350.0,n
4720.0,1.0,3.0,1.0,1000.0,650.0,y
4720.0,1.0,3.0,1.0,700.0,650.0,n
4797.0,5.0,3.0,2.0,365.0,310.0,y
4797.0,5.0,3.0,2.0,335.0,310.0,n
4822.0,5.0,3.0,2.0,360.0,470.0,y
4822.0,5.0,3.0,2.0,488.0,470.0,n
4829.0,1.0,3.0,1.0,335.0,310.0,y
4829.0,1.0,3.0,1.0,335.0,310.0,n
4836.0,2.0,3.0,1.0,968.0,450.0,y
4836.0,2.0,3.0,1.0,600.0,450.0,n
4841.0,5.0,3.0,2.0,357.0,265.0,y
4841.0,5.0,3.0,2.0,406.0,265.0,n
4845.0,1.0,3.0,1.0,1197.0,335.0,y
4845.0,1.0,3.0,1.0,550.0,335.0,n
4857.0,1.0,3.0,1.0,345.0,310.0,y
4857.0,1.0,3.0,1.0,330.0,310.0,n
4858.0,1.0,3.0,1.0,1045.0,575.0,y
4858.0,1.0,3.0,1.0,800.0,575.0,n
4884.0,1.0,3.0,1.0,600.0,488.0,y
4884.0,1.0,3.0,1.0,575.0,488.0,n
4919.0,5.0,3.0,2.0,517.0,278.0,y
4919.0,5.0,3.0,2.0,310.0,278.0,n
5065.0,5.0,3.0,2.0,673.0,325.0,y
5065.0,5.0,3.0,2.0,400.0,325.0,n
5082.0,1.0,3.0,1.0,388.0,575.0,y
5082.0,1.0,3.0,1.0,500.0,575.0,n
5097.0,1.0,3.0,1.0,308.0,250.0,y
5097.0,1.0,3.0,1.0,310.0,250.0,n
5143.0,8.0,1.0,2.0,846.0,349.0,y
5143.0,8.0,1.0,2.0,400.0,349.0,n
5147.0,4.0,1.0,1.0,1304.0,1100.0,y
5147.0,4.0,1.0,1.0,350.0,1100.0,n
5193.0,5.0,3.0,2.0,312.0,315.0,y
5193.0,5.0,3.0,2.0,260.0,315.0,n
5218.0,4.0,1.0,1.0,935.0,500.0,y
5218.0,4.0,1.0,1.0,350.0,500.0,n
5219.0,5.0,3.0,2.0,375.0,250.0,y
5219.0,5.0,3.0,2.0,335.0,250.0,n
5254.0,1.0,3.0,1.0,600.0,310.0,y
5254.0,1.0,3.0,1.0,310.0,310.0,n
5296.0,1.0,3.0,1.0,345.0,281.0,y
5296.0,1.0,3.0,1.0,300.0,281.0,n
5387.0,5.0,3.0,2.0,335.0,254.0,y
5387.0,5.0,3.0,2.0,335.0,254.0,n
5388.0,5.0,3.0,2.0,335.0,310.0,y
5388.0,5.0,3.0,2.0,335.0,310.0,n
5597.0,5.0,3.0,2.0,370.0,295.0,y
5597.0,5.0,3.0,2.0,365.0,295.0,n
5634.0,7.0,2.0,2.0,390.0,310.0,y
5634.0,7.0,2.0,2.0,335.0,310.0,n
5744.0,14.0,1.0,2.0,370.0,240.0,y
5744.0,14.0,1.0,2.0,310.0,240.0,n
5795.0,11.0,1.0,1.0,300.0,306.0,y
5795.0,11.0,1.0,1.0,450.0,306.0,n
5826.0,14.0,1.0,2.0,576.0,543.0,y
5826.0,14.0,1.0,2.0,600.0,543.0,n
5864.0,11.0,1.0,1.0,365.0,414.0,y
5864.0,11.0,1.0,1.0,405.0,414.0,n
5879.0,11.0,1.0,1.0,1150.0,536.0,y
5879.0,11.0,1.0,1.0,840.0,536.0,n
5949.0,10.0,2.0,1.0,528.0,400.0,y
5949.0,10.0,2.0,1.0,275.0,400.0,n
6001.0,10.0,2.0,1.0,335.0,811.0,y
6001.0,10.0,2.0,1.0,335.0,811.0,n
6166.0,10.0,2.0,1.0,576.0,325.0,y
6166.0,10.0,2.0,1.0,325.0,325.0,n
6186.0,10.0,2.0,1.0,700.0,355.0,y
6186.0,10.0,2.0,1.0,675.0,355.0,n
6237.0,13.0,2.0,2.0,335.0,345.0,y
6237.0,13.0,2.0,2.0,335.0,345.0,n
6285.0,3.0,2.0,1.0,581.0,445.0,y
6285.0,3.0,2.0,1.0,625.0,445.0,n
6446.0,9.0,3.0,1.0,629.0,483.0,y
6446.0,9.0,3.0,1.0,500.0,483.0,n
6728.0,10.0,2.0,1.0,209.0,165.0,y
6728.0,10.0,2.0,1.0,325.0,165.0,n
6751.0,10.0,2.0,1.0,504.0,333.0,y
6751.0,10.0,2.0,1.0,335.0,333.0,n
6813.0,10.0,2.0,1.0,401.0,398.0,y
6813.0,10.0,2.0,1.0,300.0,398.0,n
6839.0,13.0,2.0,2.0,335.0,310.0,y
6839.0,13.0,2.0,2.0,400.0,310.0,n
6872.0,10.0,2.0,1.0,576.0,525.0,y
6872.0,10.0,2.0,1.0,335.0,525.0,n
6877.0,14.0,1.0,2.0,540.0,432.0,y
6877.0,14.0,1.0,2.0,350.0,432.0,n
6954.0,11.0,1.0,1.0,998.0,605.0,y
6954.0,11.0,1.0,1.0,300.0,605.0,n
6992.0,13.0,2.0,2.0,360.0,175.0,y
6992.0,13.0,2.0,2.0,335.0,175.0,n
7006.0,12.0,3.0,2.0,315.0,351.0,y
7006.0,12.0,3.0,2.0,335.0,351.0,n
7021.0,12.0,3.0,2.0,335.0,330.0,y
7021.0,12.0,3.0,2.0,400.0,330.0,n
7026.0,9.0,3.0,1.0,335.0,200.0,y
7026.0,9.0,3.0,1.0,335.0,200.0,n
7043.0,9.0,3.0,1.0,680.0,473.0,y
7043.0,9.0,3.0,1.0,450.0,473.0,n
7045.0,12.0,3.0,2.0,531.0,455.0,y
7045.0,12.0,3.0,2.0,305.0,455.0,n
7097.0,13.0,2.0,2.0,340.0,320.0,y
7097.0,13.0,2.0,2.0,335.0,320.0,n
7298.0,10.0,2.0,1.0,531.0,2500.0,y
7298.0,10.0,2.0,1.0,330.0,2500.0,n
7608.0,10.0,2.0,1.0,400.0,312.0,y
7608.0,10.0,2.0,1.0,335.0,312.0,n
7633.0,10.0,2.0,1.0,340.0,2000.0,y
7633.0,10.0,2.0,1.0,335.0,2000.0,n
7666.0,10.0,2.0,1.0,1145.0,1014.0,y
7666.0,10.0,2.0,1.0,750.0,1014.0,n
7670.0,13.0,2.0,2.0,311.0,312.0,y
7670.0,13.0,2.0,2.0,335.0,312.0,n
7889.0,9.0,3.0,1.0,425.0,700.0,y
7889.0,9.0,3.0,1.0,375.0,700.0,n
7959.0,14.0,1.0,2.0,385.0,310.0,y
7959.0,14.0,1.0,2.0,335.0,310.0,n
7990.0,14.0,1.0,2.0,437.0,348.0,y
7990.0,14.0,1.0,2.0,450.0,348.0,n
7998.0,14.0,1.0,2.0,528.0,558.0,y
7998.0,14.0,1.0,2.0,440.0,558.0,n
8074.0,10.0,2.0,1.0,500.0,558.0,y
8074.0,10.0,2.0,1.0,400.0,558.0,n
8104.0,11.0,1.0,1.0,1020.0,775.0,y
8104.0,11.0,1.0,1.0,425.0,775.0,n
8168.0,11.0,1.0,1.0,750.0,659.0,y
8168.0,11.0,1.0,1.0,510.0,659.0,n
8169.0,14.0,1.0,2.0,85.0,627.0,y
8169.0,14.0,1.0,2.0,450.0,627.0,n
8206.0,11.0,1.0,1.0,513.0,375.0,y
8206.0,11.0,1.0,1.0,300.0,375.0,n
8273.0,14.0,1.0,2.0,520.0,411.0,y
8273.0,14.0,1.0,2.0,300.0,411.0,n
8301.0,11.0,1.0,1.0,283.0,335.0,y
8301.0,11.0,1.0,1.0,335.0,335.0,n
8311.0,12.0,3.0,2.0,587.0,400.0,y
8311.0,12.0,3.0,2.0,450.0,400.0,n
8363.0,12.0,3.0,2.0,351.0,350.0,y
8363.0,12.0,3.0,2.0,320.0,350.0,n
8391.0,14.0,1.0,2.0,834.0,350.0,y
8391.0,14.0,1.0,2.0,265.0,350.0,n
8490.0,13.0,2.0,2.0,368.0,610.0,y
8490.0,13.0,2.0,2.0,295.0,610.0,n
8522.0,12.0,3.0,2.0,400.0,360.0,y
8522.0,12.0,3.0,2.0,365.0,360.0,n
8748.0,12.0,3.0,2.0,375.0,335.0,y
8748.0,12.0,3.0,2.0,200.0,335.0,n
8864.0,14.0,1.0,2.0,450.0,310.0,y
8864.0,14.0,1.0,2.0,310.0,310.0,n
8986.0,10.0,2.0,1.0,400.0,400.0,y
8986.0,10.0,2.0,1.0,385.0,400.0,n
9024.0,9.0,3.0,1.0,590.0,375.0,y
9024.0,9.0,3.0,1.0,575.0,375.0,n
9197.0,10.0,2.0,1.0,773.0,310.0,y
9197.0,10.0,2.0,1.0,435.0,310.0,n
9445.0,9.0,3.0,1.0,835.0,294.0,y
9445.0,9.0,3.0,1.0,350.0,294.0,n
9460.0,12.0,3.0,2.0,100.0,435.0,y
9460.0,12.0,3.0,2.0,650.0,435.0,n
9563.0,12.0,3.0,2.0,1057.0,666.0,y
9563.0,12.0,3.0,2.0,1000.0,666.0,n
9618.0,9.0,3.0,1.0,300.0,370.0,y
9618.0,9.0,3.0,1.0,400.0,370.0,n
9629.0,9.0,3.0,1.0,655.0,395.0,y
9629.0,9.0,3.0,1.0,340.0,395.0,n
9665.0,14.0,1.0,2.0,343.0,350.0,y
9665.0,14.0,1.0,2.0,325.0,350.0,n
9709.0,12.0,3.0,2.0,705.0,664.0,y
9709.0,12.0,3.0,2.0,186.0,664.0,n
9712.0,12.0,3.0,2.0,829.0,504.0,y
9712.0,12.0,3.0,2.0,250.0,504.0,n
9740.0,12.0,3.0,2.0,335.0,250.0,y
9740.0,12.0,3.0,2.0,335.0,250.0,n
9786.0,11.0,1.0,1.0,706.0,589.0,y
9786.0,11.0,1.0,1.0,300.0,589.0,n
9824.0,13.0,2.0,2.0,482.0,413.0,y
9824.0,13.0,2.0,2.0,335.0,413.0,n
9845.0,14.0,1.0,2.0,658.0,425.0,y
9845.0,14.0,1.0,2.0,500.0,425.0,n
9868.0,11.0,1.0,1.0,450.0,280.0,y
9868.0,11.0,1.0,1.0,365.0,280.0,n
9886.0,11.0,1.0,1.0,436.0,437.0,y
9886.0,11.0,1.0,1.0,375.0,437.0,n
9894.0,14.0,1.0,2.0,384.0,340.0,y
9894.0,14.0,1.0,2.0,335.0,340.0,n
9901.0,11.0,1.0,1.0,558.0,900.0,y
9901.0,11.0,1.0,1.0,335.0,900.0,n
9917.0,9.0,3.0,1.0,750.0,375.0,y
9917.0,9.0,3.0,1.0,350.0,375.0,n
9933.0,11.0,1.0,1.0,565.0,400.0,y
9933.0,11.0,1.0,1.0,265.0,400.0,n
10048.0,14.0,1.0,2.0,350.0,400.0,y
10048.0,14.0,1.0,2.0,350.0,400.0,n
10084.0,10.0,2.0,1.0,335.0,290.0,y
10084.0,10.0,2.0,1.0,335.0,290.0,n
10107.0,9.0,3.0,1.0,650.0,325.0,y
10107.0,9.0,3.0,1.0,600.0,325.0,n
10110.0,9.0,3.0,1.0,335.0,310.0,y
10110.0,9.0,3.0,1.0,335.0,310.0,n
10120.0,9.0,3.0,1.0,350.0,335.0,y
10120.0,9.0,3.0,1.0,365.0,335.0,n
10146.0,9.0,3.0,1.0,506.0,1200.0,y
10146.0,9.0,3.0,1.0,425.0,1200.0,n
10214.0,12.0,3.0,2.0,335.0,556.0,y
10214.0,12.0,3.0,2.0,335.0,556.0,n
10251.0,9.0,3.0,1.0,444.0,333.0,y
10251.0,9.0,3.0,1.0,310.0,333.0,n
10469.0,10.0,2.0,1.0,500.0,865.0,y
10469.0,10.0,2.0,1.0,375.0,865.0,n
10487.0,10.0,2.0,1.0,100.0,245.0,y
10487.0,10.0,2.0,1.0,350.0,245.0,n
10510.0,11.0,1.0,1.0,450.0,425.0,y
10510.0,11.0,1.0,1.0,285.0,425.0,n
10573.0,14.0,1.0,2.0,825.0,490.0,y
10573.0,14.0,1.0,2.0,335.0,490.0,n
10578.0,13.0,2.0,2.0,547.0,393.0,y
10578.0,13.0,2.0,2.0,335.0,393.0,n
10588.0,12.0,3.0,2.0,556.0,390.0,y
10588.0,12.0,3.0,2.0,335.0,390.0,n
10712.0,19.0,2.0,2.0,335.0,150.0,y
10712.0,19.0,2.0,2.0,375.0,150.0,n
10720.0,18.0,3.0,2.0,200.0,315.0,y
10720.0,18.0,3.0,2.0,200.0,315.0,n
10846.0,15.0,3.0,1.0,550.0,387.0,y
10846.0,15.0,3.0,1.0,550.0,387.0,n
10989.0,15.0,3.0,1.0,625.0,527.0,y
10989.0,15.0,3.0,1.0,400.0,527.0,n
10999.0,15.0,3.0,1.0,462.0,335.0,y
10999.0,15.0,3.0,1.0,800.0,335.0,n
11121.0,15.0,3.0,1.0,958.0,650.0,y
11121.0,15.0,3.0,1.0,620.0,650.0,n
11192.0,16.0,2.0,1.0,416.0,406.0,y
11192.0,16.0,2.0,1.0,375.0,406.0,n
11441.0,15.0,3.0,1.0,375.0,425.0,y
11441.0,15.0,3.0,1.0,415.0,425.0,n
11477.0,18.0,3.0,2.0,750.0,288.0,y
11477.0,18.0,3.0,2.0,315.0,288.0,n
11615.0,15.0,3.0,1.0,900.0,770.0,y
11615.0,15.0,3.0,1.0,650.0,770.0,n
11710.0,18.0,3.0,2.0,450.0,413.0,y
11710.0,18.0,3.0,2.0,425.0,413.0,n
11757.0,5.0,3.0,2.0,345.0,200.0,y
11757.0,5.0,3.0,2.0,335.0,200.0,n
11798.0,7.0,2.0,2.0,335.0,116.0,y
11798.0,7.0,2.0,2.0,335.0,116.0,n
11807.0,5.0,3.0,2.0,287.0,100.0,y
11807.0,5.0,3.0,2.0,340.0,100.0,n
11847.0,5.0,3.0,2.0,444.0,200.0,y
11847.0,5.0,3.0,2.0,300.0,200.0,n
11873.0,5.0,3.0,2.0,500.0,833.0,y
11873.0,5.0,3.0,2.0,350.0,833.0,n
11883.0,4.0,1.0,1.0,461.0,444.0,y
11883.0,4.0,1.0,1.0,335.0,444.0,n
11980.0,8.0,1.0,2.0,425.0,375.0,y
11980.0,8.0,1.0,2.0,335.0,375.0,n
12026.0,1.0,3.0,1.0,485.0,428.0,y
12026.0,1.0,3.0,1.0,290.0,428.0,n
12028.0,5.0,3.0,2.0,350.0,245.0,y
12028.0,5.0,3.0,2.0,350.0,245.0,n
12033.0,1.0,3.0,1.0,769.0,310.0,y
12033.0,1.0,3.0,1.0,525.0,310.0,n
12098.0,8.0,1.0,2.0,400.0,296.0,y
12098.0,8.0,1.0,2.0,350.0,296.0,n
12284.0,14.0,1.0,2.0,400.0,328.0,y
12284.0,14.0,1.0,2.0,450.0,328.0,n
12307.0,12.0,3.0,2.0,471.0,427.0,y
12307.0,12.0,3.0,2.0,245.0,427.0,n
12380.0,9.0,3.0,1.0,400.0,335.0,y
12380.0,9.0,3.0,1.0,350.0,335.0,n
12398.0,12.0,3.0,2.0,575.0,450.0,y
12398.0,12.0,3.0,2.0,550.0,450.0,n
12469.0,9.0,3.0,1.0,500.0,511.0,y
12469.0,9.0,3.0,1.0,400.0,511.0,n
12507.0,12.0,3.0,2.0,518.0,257.0,y
12507.0,12.0,3.0,2.0,335.0,257.0,n
