caseid,curweek,curyear,received_job_offers,how_many_job_offers,offered_wage,previous_wage,acceptance_yn
101688071,51,2009,Yes,1.0,11.0,14.423076923076923,n
101896825,43,2009,Yes,,10.0,12.0,y
101982764,48,2009,Yes,1.0,9.5,25.0,y
102184051,43,2009,Yes,,15.0,14.423076923076923,y
102184051,47,2009,Yes,2.0,16.666666666666668,16.826923076923077,n
102197392,43,2009,Yes,2.0,21.0,26.442307692307693,n
103168065,46,2009,Yes,1.0,10.0,8.5,n
103779816,45,2009,Yes,1.0,23.557692307692307,21.153846153846153,y
103813545,53,2009,Yes,1.0,30.0,23.076923076923077,y
105415781,43,2009,Yes,2.0,20.79002079002079,24.03846153846154,n
105415781,44,2009,Yes,,20.79002079002079,24.03846153846154,n
105777210,48,2009,Yes,1.0,38.46153846153846,33.65384615384615,n
105777210,49,2009,Yes,1.0,36.324786324786324,31.25,y
106421532,52,2009,Yes,1.0,17.307692307692307,21.634615384615383,y
106530498,50,2009,Yes,1.0,23.076923076923077,38.46153846153846,n
106530498,53,2009,Yes,2.0,23.076923076923077,38.46153846153846,y
106561223,49,2009,Yes,1.0,50.0,48.07692307692308,y
107607562,43,2009,Yes,2.0,27.0,24.03846153846154,n
107607562,45,2009,Yes,2.0,27.0,22.0,n
107607562,50,2009,Yes,1.0,27.0,22.0,y
107962274,51,2009,Yes,1.0,10.0,18.0,y
108075214,50,2009,Yes,2.0,13.0,16.0,n
108438318,42,2009,Yes,,15.0,19.23076923076923,y
108598270,49,2009,Yes,1.0,8.0,10.0,n
108946547,53,2009,Yes,1.0,8.5,10.0,y
109648019,45,2009,Yes,1.0,8.0,10.0,n
109648019,46,2009,Yes,1.0,9.0,10.0,n
111177143,45,2009,Yes,2.0,11.538461538461538,15.0,n
111678969,44,2009,Yes,3.0,33.65384615384615,28.846153846153847,n
111678969,48,2009,Yes,1.0,21.367521367521366,28.846153846153847,n
111678969,49,2009,Yes,1.0,32.05128205128205,28.846153846153847,n
111705959,47,2009,Yes,,23.0,28.0,y
112931153,48,2009,Yes,1.0,7.4,7.4,y
115636686,42,2009,Yes,1.0,13.247863247863247,12.820512820512821,y
115647992,44,2009,Yes,1.0,20.0,18.26923076923077,y
116378972,45,2009,Yes,1.0,26.0,26.0,y
117104734,49,2009,Yes,,15.0,15.384615384615385,y
117540187,43,2009,Yes,1.0,35.0,55.0,n
118957810,44,2009,Yes,1.0,8.5,10.0,y
119086443,43,2009,Yes,1.0,25.0,9.0,n
119086443,46,2009,Yes,5.0,21.634615384615383,9.5,n
119155495,46,2009,Yes,1.0,19.0,17.0,y
120019070,42,2009,Yes,3.0,9.0,13.0,n
120220423,43,2009,Yes,3.0,15.0,15.0,n
120505878,42,2009,Yes,1.0,11.0,11.0,y
120777105,45,2009,Yes,,24.03846153846154,36.05769230769231,n
120918292,48,2009,Yes,1.0,13.0,13.0,y
122319761,50,2009,Yes,1.0,15.0,12.0,y
122758049,51,2009,Yes,2.0,38.46153846153846,48.07692307692308,y
123147783,51,2009,Yes,1.0,17.307692307692307,17.94871794871795,y
124460119,47,2009,Yes,1.0,25.0,25.0,y
124544820,45,2009,Yes,1.0,36.05769230769231,38.46153846153846,y
124981476,52,2009,Yes,1.0,21.634615384615383,14.423076923076923,y
126573442,43,2009,Yes,,29.914529914529915,32.69230769230769,y
127466646,50,2009,Yes,1.0,24.03846153846154,24.03846153846154,y
127863490,43,2009,Yes,2.0,7.5,12.0,n
128398540,51,2009,Yes,2.0,12.5,9.0,n
128398540,52,2009,Yes,1.0,33.333333333333336,8.0,n
129092856,43,2009,Yes,1.0,7.25,14.0,y
129135146,43,2009,Yes,1.0,10.25,13.0,y
129491792,44,2009,Yes,,20.0,21.634615384615383,y
130621508,45,2009,Yes,1.0,14.0,18.0,n
130621508,48,2009,Yes,1.0,18.75,19.0,n
130621508,49,2009,Yes,1.0,25.0,17.0,y
130621508,53,2009,Yes,1.0,15.0,17.0,n
130621508,2,2010,Yes,1.0,13.0,17.0,n
131695702,45,2009,Yes,1.0,43.0,45.0,y
131844977,44,2009,Yes,1.0,11.0,20.0,n
132123608,42,2009,Yes,1.0,15.0,19.23076923076923,y
132166694,43,2009,Yes,1.0,11.0,11.0,n
132625368,44,2009,Yes,1.0,40.0,40.0,y
133119233,45,2009,Yes,,15.0,10.0,y
133204823,47,2009,Yes,,10.0,8.0,y
135392867,43,2009,Yes,4.0,10.0,15.0,y
135735802,53,2009,Yes,1.0,150.0,81.73076923076923,y
137815498,43,2009,Yes,1.0,7.5,21.634615384615383,n
138239332,47,2009,Yes,3.0,20.0,8.25,y
138411716,44,2009,Yes,2.0,14.0,16.0,n
138411716,45,2009,Yes,1.0,15.0,16.0,n
139558900,44,2009,Yes,1.0,8.5,8.5,n
141394978,48,2009,Yes,1.0,27.884615384615383,28.846153846153847,y
141472560,44,2009,Yes,1.0,23.0,24.03846153846154,n
141472560,45,2009,Yes,,23.0,26.442307692307693,n
143117502,43,2009,Yes,1.0,22.0,24.03846153846154,y
143495635,43,2009,Yes,1.0,24.03846153846154,24.03846153846154,y
143717193,46,2009,Yes,1.0,16.166666666666668,21.978021978021978,y
144456082,42,2009,Yes,,7.5,7.0,y
145278760,42,2009,Yes,1.0,12.5,7.5,n
145278760,44,2009,Yes,1.0,11.538461538461538,7.5,n
145278760,45,2009,Yes,1.0,6.666666666666667,6.666666666666667,n
145278760,48,2009,Yes,1.0,38.46153846153846,14.0,n
145278760,49,2009,Yes,1.0,32.05128205128205,21.367521367521366,n
145278760,51,2009,Yes,2.0,12.820512820512821,19.23076923076923,n
145278760,1,2010,Yes,,8.0,28.846153846153847,n
145631998,45,2009,Yes,1.0,39.23076923076923,43.26923076923077,y
145679495,45,2009,Yes,1.0,13.0,10.0,n
145800907,50,2009,Yes,1.0,38.46153846153846,40.86538461538461,n
146702538,52,2009,Yes,1.0,23.0,21.634615384615383,n
146923511,45,2009,Yes,1.0,8.0,14.285714285714286,n
148320525,44,2009,Yes,1.0,25.0,21.634615384615383,y
149040907,43,2009,Yes,,31.73076923076923,31.25,y
149241551,43,2009,Yes,1.0,25.0,25.0,y
150433769,44,2009,Yes,2.0,26.923076923076923,22.435897435897434,n
150433769,45,2009,Yes,1.0,22.435897435897434,33.65384615384615,n
150433769,46,2009,Yes,1.0,32.05128205128205,22.435897435897434,n
150433769,47,2009,Yes,1.0,28.846153846153847,25.641025641025642,n
150433769,51,2009,Yes,2.0,24.03846153846154,22.435897435897434,y
150433769,52,2009,Yes,1.0,23.076923076923077,24.03846153846154,n
150433769,1,2010,Yes,1.0,24.03846153846154,32.05128205128205,n
150579096,45,2009,Yes,1.0,14.0,17.0,y
150875679,45,2009,Yes,,35.714285714285715,28.846153846153847,n
150875679,46,2009,Yes,1.0,50.0,28.846153846153847,n
150875679,47,2009,Yes,1.0,45.0,31.25,n
150875679,53,2009,Yes,,41.20879120879121,33.65384615384615,y
152452739,43,2009,Yes,2.0,22.435897435897434,23.076923076923077,y
152931304,49,2009,Yes,1.0,134.6153846153846,120.1923076923077,y
152979564,45,2009,Yes,1.0,30.0,33.65384615384615,n
152979564,2,2010,Yes,1.0,13.461538461538462,38.46153846153846,n
153664544,44,2009,Yes,,10.0,12.5,n
153809477,44,2009,Yes,,33.0,19.23076923076923,y
154311252,53,2009,Yes,,85.0,63.18681318681319,y
154466994,52,2009,Yes,,36.05769230769231,24.03846153846154,y
154785897,43,2009,Yes,1.0,38.46153846153846,28.846153846153847,y
154785897,44,2009,Yes,1.0,25.641025641025642,28.846153846153847,n
155388314,46,2009,Yes,1.0,11.0,12.0,n
155476884,45,2009,Yes,1.0,21.005128205128205,19.23076923076923,y
156498025,44,2009,Yes,1.0,43.84615384615385,43.26923076923077,n
156498025,46,2009,Yes,1.0,56.73076923076923,43.26923076923077,n
156978792,43,2009,Yes,1.0,8.25,14.423076923076923,n
156978792,48,2009,Yes,1.0,12.0,14.423076923076923,n
156978792,50,2009,Yes,,4.8076923076923075,14.423076923076923,n
156978792,51,2009,Yes,1.0,7.5,14.423076923076923,n
156978792,53,2009,Yes,5.0,7.5,14.423076923076923,n
157112029,46,2009,Yes,1.0,14.423076923076923,15.0,n
157519255,42,2009,Yes,,51.92307692307692,54.94505494505494,y
158647179,42,2009,Yes,,25.0,25.0,y
158863911,42,2009,Yes,1.0,12.0,17.307692307692307,n
158952639,42,2009,Yes,1.0,8.15,10.0,y
158952639,44,2009,Yes,1.0,8.15,10.0,n
159995356,46,2009,Yes,1.0,25.0,24.03846153846154,y
160287543,45,2009,Yes,1.0,27.0,230.76923076923077,n
161862532,44,2009,Yes,1.0,12.5,18.26923076923077,y
163638175,42,2009,Yes,1.0,43.26923076923077,38.46153846153846,n
164634846,44,2009,Yes,1.0,20.192307692307693,18.0,y
166899166,45,2009,Yes,1.0,39.9,40.0,y
167296056,49,2009,Yes,1.0,37.98076923076923,34.61538461538461,n
167296056,50,2009,Yes,1.0,37.98076923076923,34.61538461538461,n
167296056,51,2009,Yes,1.0,42.78846153846154,34.61538461538461,y
167704566,47,2009,Yes,1.0,19.0,24.0,n
168032325,48,2009,Yes,1.0,19.71153846153846,19.23076923076923,n
168774339,46,2009,Yes,1.0,12.0,8.0,n
169081162,43,2009,Yes,1.0,11.0,10.0,y
169663281,51,2009,Yes,1.0,6.5,14.0,n
170469366,43,2009,Yes,,10.0,13.0,n
170621030,43,2009,Yes,1.0,12.0,14.423076923076923,y
170882017,44,2009,Yes,1.0,10.25,15.0,y
171193204,51,2009,Yes,1.0,8.5,12.0,n
173339231,42,2009,Yes,1.0,29.615384615384617,29.914529914529915,y
174979108,44,2009,Yes,1.0,31.185031185031185,24.03846153846154,y
175809482,44,2009,Yes,1.0,50.0,31.185031185031185,y
175924750,47,2009,Yes,,10.0,18.26923076923077,y
176005953,43,2009,Yes,,15.384615384615385,19.23076923076923,n
176005953,46,2009,Yes,,15.865384615384615,19.23076923076923,y
177476057,43,2009,Yes,1.0,11.0,12.0,y
178793049,52,2009,Yes,1.0,12.0,12.0,n
178890890,42,2009,Yes,1.0,16.0,13.0,n
178890890,45,2009,Yes,,16.0,18.0,n
178890890,46,2009,Yes,1.0,16.0,13.0,n
178890890,47,2009,Yes,1.0,16.0,16.0,n
178890890,48,2009,Yes,1.0,16.0,16.0,n
178890890,53,2009,Yes,1.0,16.0,13.0,n
181116930,44,2009,Yes,1.0,7.5,15.0,n
181462103,52,2009,Yes,1.0,14.0,15.0,y
183479361,50,2009,Yes,1.0,14.0,10.0,y
183560452,46,2009,Yes,1.0,12.0,14.423076923076923,y
183560452,48,2009,Yes,1.0,15.865384615384615,19.23076923076923,n
183961839,46,2009,Yes,,17.582417582417584,19.23076923076923,y
186054914,49,2009,Yes,1.0,41.88034188034188,43.26923076923077,y
186990171,50,2009,Yes,1.0,13.5,21.634615384615383,n
187333386,43,2009,Yes,,19.0,9.615384615384615,y
188690451,44,2009,Yes,1.0,15.9,25.0,n
189308346,42,2009,Yes,1.0,28.846153846153847,28.846153846153847,y
189941114,47,2009,Yes,1.0,12.0,12.0,y
190416528,45,2009,Yes,1.0,32.05128205128205,34.61538461538461,y
190438049,44,2009,Yes,1.0,15.0,21.634615384615383,n
190758707,50,2009,Yes,1.0,18.5,11.0,n
191717590,46,2009,Yes,2.0,43.26923076923077,48.07692307692308,n
192132749,43,2009,Yes,,14.0,16.0,n
192132749,44,2009,Yes,1.0,14.0,16.0,n
192132749,49,2009,Yes,,15.0,15.0,y
192132749,50,2009,Yes,2.0,20.0,14.0,n
192132749,51,2009,Yes,,19.0,20.0,n
192132749,53,2009,Yes,2.0,22.5,15.0,n
192233011,45,2009,Yes,1.0,26.923076923076923,21.634615384615383,y
192296740,44,2009,Yes,,16.85,16.346153846153847,y
193253700,43,2009,Yes,2.0,6.0,18.0,n
193253700,44,2009,Yes,2.0,2.5,18.0,n
193604430,52,2009,Yes,,23.653846153846153,17.5,y
193678228,50,2009,Yes,1.0,25.0,75.0,y
193841983,43,2009,Yes,1.0,21.634615384615383,26.442307692307693,y
193990371,42,2009,Yes,,14.423076923076923,29.807692307692307,n
194340988,52,2009,Yes,1.0,40.0,31.25,y
195153532,42,2009,Yes,1.0,50.0,19.23076923076923,y
195222360,44,2009,Yes,2.0,38.46153846153846,45.0,y
195410415,44,2009,Yes,1.0,83.0,75.0,y
195675531,47,2009,Yes,1.0,48.07692307692308,38.46153846153846,y
196095099,43,2009,Yes,,84.13461538461539,96.15384615384616,y
197479906,51,2009,Yes,1.0,28.846153846153847,19.23076923076923,n
197485745,50,2009,Yes,1.0,19.23076923076923,24.03846153846154,n
197871508,43,2009,Yes,1.0,40.86538461538461,38.46153846153846,n
198009715,43,2009,Yes,1.0,36.0,35.0,y
198212823,50,2009,Yes,1.0,31.25,32.69230769230769,y
198236593,52,2009,Yes,1.0,17.5,24.03846153846154,n
199025635,43,2009,Yes,1.0,11.0,12.0,n
199025635,46,2009,Yes,2.0,14.0,12.0,n
199848874,48,2009,Yes,1.0,17.628205128205128,19.23076923076923,y
199989634,42,2009,Yes,1.0,9.0,15.0,y
200013208,45,2009,Yes,1.0,20.0,23.076923076923077,y
200013208,47,2009,Yes,,24.03846153846154,24.03846153846154,n
200226440,45,2009,Yes,1.0,24.03846153846154,28.846153846153847,y
200533586,52,2009,Yes,1.0,71.15384615384616,57.69230769230769,y
200885845,50,2009,Yes,1.0,37.0,36.05769230769231,y
201053618,50,2009,Yes,1.0,41.20879120879121,50.0,y
201738731,42,2009,Yes,1.0,14.0,19.23076923076923,n
201958656,43,2009,Yes,1.0,36.05769230769231,36.05769230769231,y
202570455,47,2009,Yes,1.0,48.07692307692308,48.07692307692308,y
202743862,46,2009,Yes,1.0,64.1025641025641,69.71153846153847,y
202970156,50,2009,Yes,1.0,85.0,57.69230769230769,n
202970156,52,2009,Yes,1.0,90.0,57.69230769230769,y
203103223,49,2009,Yes,1.0,22.115384615384617,24.03846153846154,y
205270882,45,2009,Yes,1.0,59.61538461538461,57.69230769230769,y
205558139,45,2009,Yes,1.0,16.0,16.826923076923077,n
207598854,44,2009,Yes,1.0,10.0,11.666666666666666,n
207653698,44,2009,Yes,,14.0,13.0,y
208423526,49,2009,Yes,,17.78846153846154,24.03846153846154,n
208423526,51,2009,Yes,,20.0,28.846153846153847,n
208647647,50,2009,Yes,1.0,19.23076923076923,26.442307692307693,n
210170157,43,2009,Yes,1.0,10.0,14.903846153846153,n
210877285,52,2009,Yes,2.0,68.5,67.3076923076923,y
212242676,43,2009,Yes,1.0,24.0,24.0,y
216231825,43,2009,Yes,1.0,7.0,10.0,y
216793952,46,2009,Yes,1.0,18.0,17.0,y
218912362,44,2009,Yes,,16.0,18.0,n
219513528,1,2010,Yes,,15.0,19.0,n
219712417,42,2009,Yes,1.0,8.0,15.0,n
219712417,43,2009,Yes,1.0,7.5,15.0,n
219795980,42,2009,Yes,2.0,10.0,15.0,n
221567643,48,2009,Yes,1.0,27.83400809716599,26.442307692307693,y
223649804,50,2009,Yes,1.0,10.0,10.0,y
224406536,53,2009,Yes,1.0,61.53846153846154,57.69230769230769,y
225326965,43,2009,Yes,1.0,14.0,12.0,n
225591048,42,2009,Yes,,47.11538461538461,47.11538461538461,y
225763218,43,2009,Yes,2.0,14.0,13.0,y
225936603,43,2009,Yes,1.0,15.0,19.23076923076923,y
226335708,49,2009,Yes,1.0,17.19,12.0,y
226983369,51,2009,Yes,1.0,81.73076923076923,96.15384615384616,y
227324673,48,2009,Yes,1.0,37.14,17.5,y
227456578,49,2009,Yes,3.0,13.0,13.0,n
228060053,44,2009,Yes,1.0,15.0,19.23076923076923,y
228953784,42,2009,Yes,2.0,10.0,19.23076923076923,n
228953784,51,2009,Yes,1.0,8.547008547008547,19.23076923076923,n
230819722,42,2009,Yes,2.0,12.0,14.0,n
231039503,42,2009,Yes,1.0,15.0,15.0,y
231042710,42,2009,Yes,1.0,12.0,12.0,n
231042710,49,2009,Yes,,10.0,13.0,n
233490247,45,2009,Yes,1.0,19.23076923076923,19.23076923076923,y
234099917,1,2010,Yes,1.0,18.86,25.0,y
234730874,51,2009,Yes,1.0,8.0,12.0,y
235450807,42,2009,Yes,1.0,31.0,31.0,y
237687250,49,2009,Yes,1.0,16.666666666666668,14.0,y
238021567,45,2009,Yes,2.0,12.0,10.0,n
238021567,46,2009,Yes,1.0,11.0,10.0,n
238666911,43,2009,Yes,1.0,10.0,15.0,y
238680715,44,2009,Yes,1.0,12.820512820512821,26.442307692307693,n
238680715,45,2009,Yes,1.0,12.820512820512821,26.442307692307693,n
238709391,42,2009,Yes,1.0,30.0,25.0,y
239420729,43,2009,Yes,1.0,12.0,18.0,n
240165963,44,2009,Yes,1.0,31.25,45.67307692307692,n
240598020,52,2009,Yes,1.0,20.76923076923077,19.23076923076923,y
241462313,50,2009,Yes,,33.65384615384615,53.84615384615385,n
243426191,45,2009,Yes,1.0,53.41880341880342,42.73504273504273,y
243554441,49,2009,Yes,1.0,5.1,9.0,n
243664049,46,2009,Yes,,48.0,52.88461538461539,y
245012037,43,2009,Yes,1.0,18.0,15.0,y
245770566,42,2009,Yes,1.0,26.442307692307693,23.076923076923077,y
245799758,51,2009,Yes,1.0,45.0,40.86538461538461,y
246972246,51,2009,Yes,1.0,75.0,60.0,y
247033841,47,2009,Yes,1.0,7.5,21.634615384615383,n
247220827,44,2009,Yes,,16.0,16.0,n
247220827,45,2009,Yes,,16.0,16.0,y
247262249,44,2009,Yes,,40.0,40.86538461538461,y
247779589,42,2009,Yes,1.0,52.5,40.0,y
248428301,51,2009,Yes,1.0,22.0,28.846153846153847,n
249729766,44,2009,Yes,,40.0,40.0,n
249729766,45,2009,Yes,1.0,22.435897435897434,40.0,n
249729766,48,2009,Yes,1.0,27.77777777777778,48.0,n
250248449,1,2010,Yes,1.0,19.23076923076923,25.0,n
250704086,53,2009,Yes,1.0,50.0,38.46153846153846,n
250704086,2,2010,Yes,1.0,30.0,38.46153846153846,y
251313577,48,2009,Yes,1.0,2.5,12.5,y
251565149,44,2009,Yes,1.0,32.0,24.03846153846154,y
252863556,48,2009,Yes,1.0,10.0,17.0,y
253052445,50,2009,Yes,1.0,31.5,48.07692307692308,n
254975686,46,2009,Yes,1.0,7.25,15.0,n
254975686,52,2009,Yes,,7.25,15.0,y
255378303,44,2009,Yes,1.0,14.0,14.0,n
255396527,42,2009,Yes,1.0,15.0,15.0,y
256913837,49,2009,Yes,1.0,23.076923076923077,18.26923076923077,n
256968679,42,2009,Yes,,45.0,45.0,y
257480107,44,2009,Yes,1.0,72.11538461538461,72.11538461538461,y
258440643,47,2009,Yes,1.0,15.0,25.0,n
258440643,49,2009,Yes,2.0,10.0,25.0,n
259903480,50,2009,Yes,1.0,7.5,10.0,n
260345831,45,2009,Yes,1.0,20.0,10.0,n
260977281,52,2009,Yes,1.0,83.33333333333333,76.92307692307692,n
263819739,49,2009,Yes,1.0,20.0,24.03846153846154,n
263867619,46,2009,Yes,1.0,20.0,17.0,y
264517421,47,2009,Yes,1.0,15.384615384615385,15.384615384615385,y
266993847,47,2009,Yes,1.0,14.0,13.0,n
268002367,47,2009,Yes,1.0,33.46153846153846,25.0,y
268157470,46,2009,Yes,1.0,38.46153846153846,25.0,n
268157470,47,2009,Yes,1.0,36.05769230769231,20.0,n
271872287,45,2009,Yes,1.0,20.0,19.23076923076923,y
272435407,43,2009,Yes,2.0,29.807692307692307,40.0,n
272797699,45,2009,Yes,1.0,10.0,24.03846153846154,y
272891537,42,2009,Yes,1.0,21.978021978021978,26.442307692307693,n
273354228,49,2009,Yes,1.0,15.0,16.0,n
274026674,51,2009,Yes,1.0,38.46153846153846,38.46153846153846,y
274039656,44,2009,Yes,1.0,18.0,18.0,n
274074048,44,2009,Yes,,21.5,19.23076923076923,n
274671186,42,2009,Yes,1.0,10.0,15.0,n
274671186,46,2009,Yes,1.0,12.0,14.0,n
274722633,46,2009,Yes,1.0,12.01923076923077,12.01923076923077,n
275691088,43,2009,Yes,1.0,11.0,25.0,y
276995974,45,2009,Yes,1.0,19.23076923076923,24.03846153846154,n
278076842,44,2009,Yes,6.0,7.0,15.0,n
278367115,52,2009,Yes,1.0,21.5,24.03846153846154,y
278376553,43,2009,Yes,1.0,50.0,33.65384615384615,n
278376553,45,2009,Yes,1.0,50.0,24.03846153846154,n
278376553,48,2009,Yes,1.0,55.28846153846154,55.0,n
279099084,47,2009,Yes,1.0,20.0,20.0,n
279495118,43,2009,Yes,1.0,7.25,10.0,y
280386322,43,2009,Yes,2.0,9.0,10.5,y
281500376,52,2009,Yes,2.0,42.30769230769231,40.86538461538461,n
281890266,47,2009,Yes,1.0,22.0,20.0,y
282745930,51,2009,Yes,1.0,3.2051282051282053,36.05769230769231,y
283951985,50,2009,Yes,1.0,90.0,70.0,y
284523914,50,2009,Yes,1.0,8.0,17.628205128205128,y
284523914,2,2010,Yes,2.0,16.0,17.628205128205128,n
284733951,1,2010,Yes,1.0,12.0,10.0,y
285486878,49,2009,Yes,,26.2,22.0,y
285486878,51,2009,Yes,1.0,21.0,23.0,n
285789661,46,2009,Yes,1.0,55.28846153846154,28.846153846153847,y
288068945,2,2010,Yes,1.0,7.5,23.0,n
288277600,43,2009,Yes,1.0,15.384615384615385,13.221153846153847,n
288689191,49,2009,Yes,1.0,25.0,24.03846153846154,y
290098648,43,2009,Yes,1.0,8.5,10.0,n
290891863,44,2009,Yes,2.0,25.0,30.0,n
290891863,46,2009,Yes,3.0,15.0,30.0,n
290902372,42,2009,Yes,1.0,12.0,21.634615384615383,n
291086916,44,2009,Yes,1.0,60.0,49.45054945054945,y
291423898,48,2009,Yes,1.0,15.384615384615385,14.423076923076923,y
293127284,51,2009,Yes,1.0,7.5,10.0,y
293127284,53,2009,Yes,2.0,8.0,7.5,n
293858689,42,2009,Yes,4.0,12.0,16.0,n
293858689,43,2009,Yes,3.0,12.0,16.0,n
293858689,44,2009,Yes,3.0,12.0,16.0,n
293858689,46,2009,Yes,3.0,12.0,16.0,n
293858689,47,2009,Yes,2.0,12.0,16.0,n
293858689,48,2009,Yes,2.0,12.0,16.0,n
293858689,50,2009,Yes,,12.0,16.0,n
293858689,51,2009,Yes,8.0,12.0,15.0,n
293858689,52,2009,Yes,2.0,12.0,16.0,n
293858689,2,2010,Yes,1.0,9.0,14.0,n
294684609,50,2009,Yes,1.0,15.0,18.0,y
295515681,42,2009,Yes,1.0,14.615384615384615,25.0,n
295515681,47,2009,Yes,1.0,26.923076923076923,18.0,n
295515681,49,2009,Yes,1.0,30.76923076923077,18.0,y
297400192,43,2009,Yes,1.0,73.3173076923077,48.07692307692308,y
299417697,2,2010,Yes,1.0,10.5,7.211538461538462,y
299707138,51,2009,Yes,1.0,9.0,8.012820512820513,y
304112607,44,2009,Yes,4.0,8.0,7.5,n
304680775,42,2009,Yes,,13.461538461538462,17.307692307692307,n
304825664,48,2009,Yes,1.0,19.0,32.1,n
306627688,46,2009,Yes,,8.3,14.423076923076923,n
307553014,47,2009,Yes,2.0,10.0,14.0,n
307564218,45,2009,Yes,1.0,9.615384615384615,17.77777777777778,n
308143885,42,2009,Yes,1.0,31.0,26.442307692307693,y
308417991,43,2009,Yes,1.0,7.14,10.0,n
309448301,47,2009,Yes,1.0,6.0,15.0,n
310803937,50,2009,Yes,1.0,20.673076923076923,24.03846153846154,n
311193727,51,2009,Yes,1.0,9.25,11.0,y
311318445,46,2009,Yes,1.0,13.942307692307692,14.423076923076923,n
311318445,47,2009,Yes,1.0,12.740384615384615,14.423076923076923,y
312632894,46,2009,Yes,1.0,18.5,19.23076923076923,n
312632894,48,2009,Yes,1.0,18.5,19.23076923076923,y
313780833,42,2009,Yes,1.0,9.375,16.0,n
314286318,45,2009,Yes,1.0,14.423076923076923,16.826923076923077,n
314505299,43,2009,Yes,3.0,15.0,15.0,n
314505299,44,2009,Yes,3.0,13.0,15.0,n
316312309,44,2009,Yes,1.0,12.0,12.0,n
316332727,49,2009,Yes,1.0,10.0,15.0,n
319888928,48,2009,Yes,1.0,12.5,12.0,y
320596487,43,2009,Yes,,35.0,28.846153846153847,y
320992735,44,2009,Yes,1.0,20.87912087912088,15.865384615384615,y
321182849,48,2009,Yes,1.0,13.0,12.0,n
321824639,46,2009,Yes,1.0,11.5,11.0,y
323090849,43,2009,Yes,1.0,12.5,19.23076923076923,n
330053981,42,2009,Yes,,11.0,14.0,n
330380333,52,2009,Yes,1.0,31.25,28.846153846153847,n
330436043,42,2009,Yes,1.0,21.153846153846153,20.0,y
330907260,52,2009,Yes,1.0,12.0,12.0,y
331390953,48,2009,Yes,1.0,16.0,18.0,y
333990759,47,2009,Yes,,8.5,9.0,y
335211926,43,2009,Yes,,21.74,21.153846153846153,y
335211926,46,2009,Yes,1.0,16.826923076923077,21.153846153846153,n
337517747,44,2009,Yes,,30.0,21.634615384615383,y
337658563,43,2009,Yes,,15.0,13.0,y
338216452,49,2009,Yes,1.0,15.0,15.0,y
338410841,47,2009,Yes,1.0,12.5,8.571428571428571,n
338802273,46,2009,Yes,1.0,18.0,21.0,y
338846653,44,2009,Yes,1.0,20.0,21.634615384615383,y
339154522,43,2009,Yes,2.0,20.673076923076923,19.23076923076923,y
339648384,51,2009,Yes,1.0,25.0,38.46153846153846,y
339875409,44,2009,Yes,1.0,50.0,26.442307692307693,n
340936959,42,2009,Yes,1.0,11.25,8.0,y
341507831,45,2009,Yes,1.0,15.0,13.0,n
342480416,42,2009,Yes,,14.0,15.0,n
342480416,44,2009,Yes,6.0,13.0,15.0,n
343298234,46,2009,Yes,1.0,24.0,24.0,y
343598350,43,2009,Yes,2.0,10.0,48.07692307692308,n
343907488,53,2009,Yes,1.0,12.5,14.0,y
344079063,2,2010,Yes,1.0,38.46153846153846,32.69230769230769,y
344299225,42,2009,Yes,1.0,58.65384615384615,72.11538461538461,y
344761993,47,2009,Yes,3.0,15.0,21.367521367521366,n
344960321,53,2009,Yes,1.0,16.0,25.0,y
345397797,48,2009,Yes,1.0,13.221153846153847,19.23076923076923,n
346190384,46,2009,Yes,1.0,18.57,15.0,y
347927934,44,2009,Yes,1.0,25.0,19.23076923076923,n
348126194,46,2009,Yes,1.0,33.65384615384615,35.57692307692308,y
349519988,43,2009,Yes,,7.5,12.820512820512821,n
349519988,44,2009,Yes,,8.0,12.820512820512821,n
349519988,45,2009,Yes,,9.0,26.923076923076923,n
349519988,47,2009,Yes,1.0,7.5,10.0,y
349519988,48,2009,Yes,2.0,9.615384615384615,14.423076923076923,n
349519988,49,2009,Yes,1.0,10.0,19.23076923076923,n
349519988,2,2010,Yes,1.0,10.0,21.153846153846153,n
350985853,50,2009,Yes,1.0,18.91,40.86538461538461,n
350985853,52,2009,Yes,1.0,18.91,31.25,n
351513020,45,2009,Yes,1.0,27.64423076923077,33.65384615384615,y
352712842,2,2010,Yes,1.0,45.0,14.423076923076923,y
353614743,44,2009,Yes,1.0,8.0,15.0,n
354490218,47,2009,Yes,1.0,26.442307692307693,25.0,y
354897073,50,2009,Yes,1.0,29.0,34.61538461538461,y
356700832,43,2009,Yes,2.0,57.69230769230769,46.0,n
356700832,46,2009,Yes,3.0,54.63286713286713,48.07692307692308,n
356700832,49,2009,Yes,3.0,64.90384615384616,46.0,n
356857756,50,2009,Yes,1.0,35.0,28.846153846153847,y
357120222,44,2009,Yes,1.0,30.76923076923077,28.846153846153847,y
357922378,45,2009,Yes,1.0,8.0,10.0,y
360596885,43,2009,Yes,1.0,14.903846153846153,19.71153846153846,y
360596885,45,2009,Yes,1.0,15.0,15.384615384615385,n
360784592,42,2009,Yes,1.0,9.0,9.0,y
362274543,50,2009,Yes,,10.0,24.03846153846154,n
364355848,42,2009,Yes,1.0,13.0,10.0,y
365278146,44,2009,Yes,1.0,10.0,25.0,n
366545728,52,2009,Yes,,40.0,24.03846153846154,n
366642940,52,2009,Yes,1.0,7.0,13.75,y
367306050,42,2009,Yes,1.0,7.0,12.0,n
368394452,42,2009,Yes,2.0,18.26923076923077,16.0,n
368394452,44,2009,Yes,,18.26923076923077,16.0,y
368523849,44,2009,Yes,1.0,11.0,12.637362637362637,y
369381314,42,2009,Yes,1.0,25.0,24.03846153846154,y
369425526,50,2009,Yes,1.0,17.0,17.0,n
373013265,51,2009,Yes,1.0,49.51923076923077,42.30769230769231,y
373110274,46,2009,Yes,,8.7,8.0,n
373110274,47,2009,Yes,1.0,8.7,8.5,y
377363683,42,2009,Yes,1.0,16.025641025641026,21.634615384615383,y
377363683,43,2009,Yes,3.0,14.423076923076923,21.634615384615383,n
378938895,46,2009,Yes,1.0,20.0,28.846153846153847,y
378975212,46,2009,Yes,1.0,9.0,15.0,n
379074976,44,2009,Yes,1.0,16.75,12.0,y
379767436,46,2009,Yes,1.0,12.75,20.0,n
379784390,46,2009,Yes,,7.5,12.75,n
381435969,48,2009,Yes,1.0,9.5,19.23076923076923,y
384953585,45,2009,Yes,,22.0,16.826923076923077,y
386880519,45,2009,Yes,1.0,11.1,15.0,y
389724766,44,2009,Yes,1.0,15.0,15.0,y
389873884,46,2009,Yes,1.0,10.0,20.0,n
389873884,47,2009,Yes,1.0,10.0,20.0,n
390802990,48,2009,Yes,1.0,11.0,15.0,y
391641958,42,2009,Yes,1.0,8.5,12.01923076923077,y
392870010,51,2009,Yes,1.0,14.423076923076923,15.0,n
393489624,44,2009,Yes,1.0,18.26923076923077,19.23076923076923,y
393531341,52,2009,Yes,1.0,11.0,9.0,y
393688489,47,2009,Yes,1.0,28.846153846153847,19.23076923076923,y
394967952,43,2009,Yes,,40.625,36.05769230769231,y
395930122,43,2009,Yes,1.0,13.0,13.0,y
395959426,44,2009,Yes,1.0,20.0,13.0,y
395959426,45,2009,Yes,1.0,16.0,20.833333333333332,n
395959426,47,2009,Yes,1.0,10.0,20.0,n
396334648,47,2009,Yes,1.0,25.96153846153846,25.96153846153846,y
396820109,47,2009,Yes,2.0,7.0,10.0,n
398004138,48,2009,Yes,1.0,45.45454545454545,41.95804195804196,y
398487908,43,2009,Yes,1.0,24.0,26.442307692307693,y
398528779,52,2009,Yes,1.0,56.25,52.88461538461539,n
399477649,51,2009,Yes,1.0,15.0,15.0,y
399810415,42,2009,Yes,,49.0,50.0,y
399892325,42,2009,Yes,,7.0,14.423076923076923,y
399892325,44,2009,Yes,1.0,7.0,14.423076923076923,n
400015662,10,2010,Yes,1.0,70.0,33.65384615384615,y
400131638,43,2009,Yes,1.0,25.0,25.0,y
400384919,43,2009,Yes,1.0,16.826923076923077,30.21978021978022,n
400772347,43,2009,Yes,1.0,12.222222222222221,14.0,n
400828462,43,2009,Yes,2.0,6.666666666666667,20.0,n
400932828,42,2009,Yes,2.0,15.0,20.0,n
401359833,43,2009,Yes,1.0,10.0,19.23076923076923,y
403085190,49,2009,Yes,1.0,15.0,10.0,n
403085190,50,2009,Yes,1.0,11.0,10.0,n
403085190,4,2010,Yes,1.0,13.0,10.0,n
403085190,5,2010,Yes,1.0,11.0,10.0,n
403085190,9,2010,Yes,2.0,13.0,10.0,n
403373639,50,2009,Yes,,10.0,15.0,n
404053398,43,2009,Yes,1.0,40.0,40.0,y
406191865,44,2009,Yes,1.0,13.0,19.23076923076923,n
406865740,15,2010,Yes,1.0,13.0,15.0,n
408132895,8,2010,Yes,1.0,15.0,16.826923076923077,n
410041235,3,2010,Yes,1.0,9.0,10.0,y
410041235,11,2010,Yes,1.0,14.0,11.0,n
411320157,42,2009,Yes,2.0,13.717948717948717,32.05128205128205,n
411320157,45,2009,Yes,2.0,16.826923076923077,38.46153846153846,n
411320157,46,2009,Yes,1.0,14.423076923076923,38.46153846153846,n
412748512,45,2009,Yes,1.0,8.5,10.0,n
414389357,43,2009,Yes,1.0,12.5,16.0,y
414429958,53,2009,Yes,,15.0,17.5,n
414429958,10,2010,Yes,1.0,20.0,17.5,n
414816723,4,2010,Yes,,9.0,40.0,n
415588157,11,2010,Yes,1.0,25.0,31.25,n
416079209,48,2009,Yes,2.0,18.0,20.0,y
416893034,3,2010,Yes,2.0,11.5,9.0,n
416893034,7,2010,Yes,,12.5,9.0,y
417858407,42,2009,Yes,1.0,12.0,19.23076923076923,n
418111679,13,2010,Yes,1.0,25.0,21.634615384615383,y
418981999,44,2009,Yes,,19.23076923076923,19.23076923076923,y
419881540,4,2010,Yes,1.0,22.0,24.03846153846154,y
420236344,42,2009,Yes,1.0,35.0,33.65384615384615,n
420236344,14,2010,Yes,,40.0,36.05769230769231,y
420989697,15,2010,Yes,1.0,25.0,20.87912087912088,y
421190142,43,2009,Yes,1.0,13.0,13.0,y
422436168,44,2009,Yes,,9.0,13.0,n
422966054,48,2009,Yes,1.0,10.0,14.423076923076923,y
425897612,12,2010,Yes,,10.0,13.0,y
425986420,11,2010,Yes,1.0,33.65384615384615,31.25,y
427171293,4,2010,Yes,1.0,9.0,10.0,y
427171293,14,2010,Yes,2.0,16.0,11.0,n
427657371,12,2010,Yes,1.0,21.634615384615383,16.826923076923077,y
428044147,50,2009,Yes,,10.0,12.0,y
428207766,46,2009,Yes,1.0,14.0,15.0,y
428207766,49,2009,Yes,1.0,7.6923076923076925,15.0,n
428207766,11,2010,Yes,2.0,10.0,20.0,n
428207766,12,2010,Yes,5.0,10.0,19.68,n
428310390,11,2010,Yes,1.0,14.423076923076923,14.423076923076923,y
428399892,44,2009,Yes,1.0,17.094017094017094,15.0,y
428561028,43,2009,Yes,1.0,8.0,8.0,n
428698962,45,2009,Yes,1.0,11.0,15.0,y
430819544,4,2010,Yes,1.0,10.625,10.0,n
431064064,44,2009,Yes,,8.5,31.25,n
431064064,45,2009,Yes,,43.0,31.25,y
431130787,9,2010,Yes,,34.065934065934066,28.75,y
431180603,11,2010,Yes,1.0,15.0,10.0,n
431180603,13,2010,Yes,1.0,16.0,14.0,n
432528475,4,2010,Yes,1.0,7.5,15.0,n
433227124,44,2009,Yes,,22.0,35.0,y
433247980,43,2009,Yes,1.0,14.423076923076923,18.0,n
433247980,44,2009,Yes,1.0,14.903846153846153,17.71255060728745,n
433274878,48,2009,Yes,1.0,200.0,24.03846153846154,n
433274878,49,2009,Yes,1.0,96.15384615384616,24.03846153846154,n
433536082,44,2009,Yes,2.0,21.0,15.0,n
433536082,46,2009,Yes,2.0,20.0,15.0,n
433536082,3,2010,Yes,,40.0,15.0,n
433536082,6,2010,Yes,2.0,30.0,15.0,n
435181653,46,2009,Yes,1.0,11.35,16.826923076923077,n
435492052,5,2010,Yes,1.0,22.0,24.03846153846154,y
436357378,47,2009,Yes,1.0,30.048076923076923,26.442307692307693,y
436724927,43,2009,Yes,1.0,15.0,28.846153846153847,n
437591212,43,2009,Yes,2.0,10.0,13.0,y
438608874,12,2010,Yes,,10.0,15.0,n
438618099,9,2010,Yes,,35.0,36.05769230769231,y
438640500,42,2009,Yes,1.0,10.25,18.0,y
439369666,9,2010,Yes,,13.333333333333334,19.23076923076923,y
440484284,9,2010,Yes,1.0,12.0,24.03846153846154,y
440624864,51,2009,Yes,1.0,12.01923076923077,12.01923076923077,n
440624864,52,2009,Yes,1.0,11.057692307692308,12.01923076923077,y
441467039,4,2010,Yes,2.0,10.0,10.0,y
441911011,48,2009,Yes,3.0,9.0,20.0,n
442195106,12,2010,Yes,,25.0,25.0,y
445119835,3,2010,Yes,1.0,8.0,10.0,n
445226351,4,2010,Yes,1.0,17.0,19.23076923076923,y
445640799,7,2010,Yes,1.0,15.0,15.0,n
446382872,5,2010,Yes,1.0,14.423076923076923,19.23076923076923,y
447935057,43,2009,Yes,1.0,14.56043956043956,16.483516483516482,y
449975851,51,2009,Yes,1.0,14.5,15.0,y
450084012,47,2009,Yes,1.0,13.5,15.0,y
450767942,42,2009,Yes,1.0,45.0,45.0,y
450890613,43,2009,Yes,2.0,45.67307692307692,48.07692307692308,y
453079772,6,2010,Yes,1.0,24.51923076923077,24.03846153846154,y
454081956,44,2009,Yes,2.0,20.0,18.0,n
454081956,2,2010,Yes,1.0,19.0,8.0,n
454292220,45,2009,Yes,1.0,26.0,24.03846153846154,y
454370474,5,2010,Yes,1.0,20.0,24.725274725274726,y
454503630,12,2010,Yes,1.0,23.076923076923077,16.826923076923077,y
456197901,44,2009,Yes,1.0,12.25,16.826923076923077,n
456280971,44,2009,Yes,1.0,31.37651821862348,45.0,y
457339214,47,2009,Yes,7.0,10.0,15.0,y
457537023,4,2010,Yes,1.0,26.442307692307693,26.442307692307693,n
458795570,3,2010,Yes,1.0,35.0,15.0,y
459218043,11,2010,Yes,1.0,7.5,10.0,n
460105343,8,2010,Yes,3.0,15.567765567765568,14.652014652014651,y
460379975,45,2009,Yes,2.0,10.0,13.0,n
461395727,43,2009,Yes,,11.0,12.0,n
462339434,52,2009,Yes,1.0,52.88461538461539,52.88461538461539,y
464145802,4,2010,Yes,1.0,71.15384615384616,96.15384615384616,y
464262970,3,2010,Yes,1.0,50.0,24.0,n
464739834,11,2010,Yes,1.0,25.0,25.0,y
464916820,5,2010,Yes,1.0,20.0,14.423076923076923,n
464916820,7,2010,Yes,1.0,20.0,14.423076923076923,n
465475955,12,2010,Yes,1.0,30.0,25.0,y
465679928,43,2009,Yes,,12.01923076923077,28.846153846153847,n
465679928,50,2009,Yes,,22.35576923076923,33.65384615384615,n
465679928,52,2009,Yes,1.0,38.46153846153846,33.65384615384615,n
467299232,9,2010,Yes,1.0,65.0,43.26923076923077,y
467382886,14,2010,Yes,1.0,15.0,15.0,n
468736835,51,2009,Yes,1.0,20.0,25.0,n
468736835,12,2010,Yes,1.0,10.0,25.0,n
468736835,14,2010,Yes,,20.0,25.0,n
469046290,45,2009,Yes,1.0,24.725274725274726,21.634615384615383,y
469642012,49,2009,Yes,1.0,8.0,21.875,y
471575032,53,2009,Yes,1.0,10.0,12.0,y
474025406,43,2009,Yes,1.0,13.65,15.0,y
475476890,52,2009,Yes,2.0,15.0,21.634615384615383,n
475476890,7,2010,Yes,,14.0,21.634615384615383,n
475476890,9,2010,Yes,1.0,15.0,23.076923076923077,n
475541028,10,2010,Yes,2.0,4.444444444444445,19.23076923076923,y
476886739,45,2009,Yes,,16.0,15.0,y
476993019,5,2010,Yes,,32.05128205128205,28.846153846153847,y
479767853,3,2010,Yes,1.0,7.0,12.0,y
480326474,46,2009,Yes,1.0,19.4,16.826923076923077,y
480945729,48,2009,Yes,2.0,14.0,17.0,n
481095692,49,2009,Yes,1.0,10.0,15.0,n
481562758,14,2010,Yes,1.0,14.792899408284024,16.826923076923077,y
481940477,6,2010,Yes,1.0,13.0,25.0,n
482269449,4,2010,Yes,1.0,17.0,19.23076923076923,y
482398015,46,2009,Yes,,9.5,19.23076923076923,y
482739092,49,2009,Yes,1.0,60.0,31.25,n
483269125,42,2009,Yes,1.0,32.0,75.0,y
483544963,43,2009,Yes,1.0,17.094017094017094,33.65384615384615,y
483907977,3,2010,Yes,1.0,50.0,26.923076923076923,y
484617561,45,2009,Yes,,25.0,23.0,n
484617561,10,2010,Yes,,18.0,27.0,n
485129032,51,2009,Yes,4.0,48.0,18.0,n
485129032,52,2009,Yes,1.0,25.0,18.65,y
485129032,9,2010,Yes,1.0,18.0,19.0,n
485129032,12,2010,Yes,1.0,13.0,19.0,n
485829499,45,2009,Yes,,125.0,29.914529914529915,y
486489201,7,2010,Yes,2.0,13.0,15.0,y
487957763,50,2009,Yes,1.0,24.03846153846154,16.826923076923077,y
488115276,10,2010,Yes,2.0,33.0,17.0,y
491918631,49,2009,Yes,1.0,21.634615384615383,20.0,n
491918631,3,2010,Yes,1.0,21.0,20.0,y
492046757,51,2009,Yes,1.0,13.62,19.78021978021978,y
492364884,10,2010,Yes,1.0,7.65,20.0,y
495101785,43,2009,Yes,2.0,12.0,12.0,y
495337483,43,2009,Yes,1.0,12.0,12.0,y
495627137,46,2009,Yes,1.0,10.0,15.0,n
495627137,47,2009,Yes,1.0,10.0,15.0,n
495627137,51,2009,Yes,2.0,12.0,15.0,n
495917319,12,2010,Yes,1.0,50.0,25.0,y
496961612,44,2009,Yes,2.0,37.0,40.0,n
496961612,52,2009,Yes,1.0,30.0,35.0,n
497117245,46,2009,Yes,2.0,50.0,12.0,n
497117245,13,2010,Yes,,135.0,24.03846153846154,n
497425696,3,2010,Yes,1.0,17.307692307692307,14.423076923076923,y
497961589,3,2010,Yes,1.0,36.71328671328671,45.67307692307692,n
498417687,43,2009,Yes,1.0,11.0,17.0,n
498487291,46,2009,Yes,1.0,10.0,27.0,n
498523393,43,2009,Yes,1.0,15.0,10.0,y
498998041,49,2009,Yes,1.0,16.5,25.0,y
500529023,43,2009,Yes,,10.0,10.0,y
500721623,46,2009,Yes,1.0,8.0,13.461538461538462,n
500721623,48,2009,Yes,2.0,20.0,11.217948717948717,y
500721623,7,2010,Yes,1.0,10.0,13.461538461538462,n
500721623,15,2010,Yes,1.0,50.0,11.217948717948717,n
501280983,3,2010,Yes,1.0,13.0,11.0,y
503197027,3,2010,Yes,1.0,9.0,15.0,n
503197027,8,2010,Yes,1.0,30.0,24.03846153846154,y
503494139,13,2010,Yes,1.0,80.0,32.05128205128205,n
503494139,14,2010,Yes,,153.84615384615384,32.05128205128205,n
503576758,49,2009,Yes,1.0,10.0,16.0,y
503576758,11,2010,Yes,1.0,11.0,16.0,n
503863780,48,2009,Yes,1.0,38.46153846153846,24.03846153846154,y
505126683,45,2009,Yes,2.0,7.4,15.0,n
505126683,15,2010,Yes,,9.0,12.0,n
506288357,43,2009,Yes,2.0,18.0,15.0,y
506977521,46,2009,Yes,1.0,45.0,40.0,y
507464680,7,2010,Yes,1.0,26.958333333333332,35.714285714285715,y
508565795,3,2010,Yes,1.0,12.0,12.0,y
508699614,10,2010,Yes,1.0,6.25,36.53846153846154,y
508829349,44,2009,Yes,10.0,16.5,31.25,n
508829349,3,2010,Yes,,24.03846153846154,25.0,n
508829349,10,2010,Yes,5.0,15.0,21.634615384615383,n
508829349,13,2010,Yes,3.0,16.0,31.25,n
508940073,13,2010,Yes,,19.23076923076923,21.634615384615383,y
509113863,43,2009,Yes,1.0,12.5,10.0,n
512190660,14,2010,Yes,1.0,9.782608695652174,15.384615384615385,y
514343729,43,2009,Yes,,13.0,13.0,y
515236686,42,2009,Yes,1.0,14.0,15.0,y
515236686,44,2009,Yes,1.0,9.0,15.0,n
515732182,46,2009,Yes,2.0,9.5,9.5,n
515732182,48,2009,Yes,1.0,10.0,9.5,n
515732182,51,2009,Yes,2.0,9.5,9.5,y
517134281,45,2009,Yes,1.0,28.0,15.0,y
517809022,14,2010,Yes,1.0,17.0,20.0,y
518127789,46,2009,Yes,2.0,8.0,8.0,n
518513968,43,2009,Yes,1.0,7.0,8.0,n
520201044,4,2010,Yes,1.0,11.538461538461538,14.423076923076923,n
520201044,7,2010,Yes,,13.31360946745562,13.31360946745562,y
520201044,8,2010,Yes,1.0,8.0,14.423076923076923,n
520343467,43,2009,Yes,,15.625,16.346153846153847,y
520592711,42,2009,Yes,,47.0,45.67307692307692,y
520751808,4,2010,Yes,1.0,9.0,15.0,y
520909140,4,2010,Yes,,23.076923076923077,25.0,n
520909140,5,2010,Yes,1.0,19.23076923076923,25.0,n
520909140,12,2010,Yes,1.0,15.0,20.0,n
521006688,43,2009,Yes,2.0,4.8076923076923075,13.0,n
521006688,44,2009,Yes,3.0,17.78846153846154,13.0,n
521006688,47,2009,Yes,1.0,10.0,13.675213675213675,n
521006688,10,2010,Yes,1.0,11.0,12.0,y
521744609,44,2009,Yes,,25.0,24.03846153846154,y
522863668,51,2009,Yes,1.0,45.0,31.25,n
522863668,3,2010,Yes,1.0,45.0,31.25,n
523925769,7,2010,Yes,1.0,35.76923076923077,43.26923076923077,y
525468550,5,2010,Yes,2.0,6.666666666666667,20.0,y
525727255,45,2009,Yes,5.0,28.586278586278585,25.641025641025642,n
527010511,43,2009,Yes,1.0,34.13461538461539,24.03846153846154,y
528227253,46,2009,Yes,1.0,10.5,72.11538461538461,n
528501078,42,2009,Yes,,18.72,15.0,y
528733547,12,2010,Yes,1.0,12.0,19.23076923076923,n
528733547,13,2010,Yes,1.0,11.0,16.826923076923077,n
530031451,43,2009,Yes,2.0,3.0,10.0,n
530691059,4,2010,Yes,2.0,7.75,11.0,n
530892849,15,2010,Yes,1.0,24.03846153846154,28.846153846153847,y
531477669,44,2009,Yes,1.0,7.75,12.0,y
532521738,48,2009,Yes,1.0,10.3,14.423076923076923,y
533350986,46,2009,Yes,1.0,12.5,13.0,y
533404986,44,2009,Yes,1.0,9.49,10.0,y
534274881,9,2010,Yes,1.0,10.87,12.0,y
535338625,46,2009,Yes,1.0,9.0,12.01923076923077,y
536218814,6,2010,Yes,1.0,8.0,8.0,y
536356132,11,2010,Yes,1.0,12.0,12.0,y
536796343,47,2009,Yes,2.0,21.0,15.0,y
536908607,42,2009,Yes,1.0,12.0,12.0,y
537739633,42,2009,Yes,1.0,12.0,10.0,y
537931503,50,2009,Yes,1.0,32.0,23.0,y
541852454,48,2009,Yes,1.0,15.0,15.0,n
541954648,45,2009,Yes,1.0,20.0,12.5,n
541954648,47,2009,Yes,1.0,26.153846153846153,17.142857142857142,y
542181607,42,2009,Yes,1.0,40.0,179.48717948717947,y
542317765,46,2009,Yes,1.0,11.5,12.0,y
542893742,45,2009,Yes,2.0,10.0,10.0,n
543037316,3,2010,Yes,,21.978021978021978,19.23076923076923,y
543256645,44,2009,Yes,1.0,17.094017094017094,12.0,y
543563567,42,2009,Yes,1.0,11.35,13.0,y
544179785,43,2009,Yes,1.0,8.0,9.0,n
544179785,47,2009,Yes,1.0,8.0,9.75,n
544298798,43,2009,Yes,1.0,13.35,15.0,y
545628213,47,2009,Yes,2.0,10.0,10.0,y
545766115,43,2009,Yes,1.0,13.0,11.0,y
545782371,43,2009,Yes,1.0,25.0,25.0,y
547228569,5,2010,Yes,1.0,10.0,15.0,y
547228569,6,2010,Yes,1.0,10.0,20.0,n
547228569,7,2010,Yes,1.0,10.0,15.0,n
548245806,45,2009,Yes,1.0,10.0,10.0,y
548313778,42,2009,Yes,,12.0,15.0,n
548347584,49,2009,Yes,2.0,8.0,10.0,n
549232960,49,2009,Yes,1.0,9.0,11.0,n
549344537,6,2010,Yes,,12.0,8.0,y
550917524,42,2009,Yes,1.0,16.5,30.76923076923077,y
551606306,44,2009,Yes,1.0,12.0,14.423076923076923,n
551606306,50,2009,Yes,1.0,13.35,14.0,y
551656806,44,2009,Yes,2.0,10.0,9.0,y
552246318,43,2009,Yes,1.0,15.865384615384615,17.307692307692307,n
552502751,44,2009,Yes,1.0,37.5,30.76923076923077,y
552548054,45,2009,Yes,,15.0,21.978021978021978,y
552615835,45,2009,Yes,1.0,12.0,15.0,n
552672669,43,2009,Yes,1.0,9.0,10.0,n
552672669,7,2010,Yes,,12.0,12.0,y
552906568,43,2009,Yes,,14.0,15.0,n
553439436,53,2009,Yes,1.0,23.076923076923077,24.03846153846154,y
554760513,45,2009,Yes,,31.25,21.634615384615383,y
555173589,43,2009,Yes,1.0,10.0,18.0,y
556452760,45,2009,Yes,1.0,15.0,10.0,n
556522207,4,2010,Yes,1.0,12.820512820512821,10.0,n
556537258,4,2010,Yes,1.0,7.25,21.634615384615383,y
556851662,42,2009,Yes,1.0,13.0,17.0,y
556987549,42,2009,Yes,1.0,25.0,24.03846153846154,y
557402508,42,2009,Yes,1.0,17.5,20.0,y
557432040,42,2009,Yes,,24.03846153846154,36.05769230769231,y
557432040,44,2009,Yes,,24.03846153846154,28.846153846153847,n
600105361,44,2009,Yes,2.0,19.23076923076923,28.846153846153847,n
600105361,45,2009,Yes,2.0,20.0,33.65384615384615,n
600105361,47,2009,Yes,3.0,15.384615384615385,36.05769230769231,n
600643784,43,2009,Yes,,4.0,48.07692307692308,y
600693037,45,2009,Yes,1.0,7.25,10.0,y
600822952,43,2009,Yes,1.0,20.192307692307693,28.846153846153847,n
600822952,45,2009,Yes,3.0,21.634615384615383,28.846153846153847,n
601589582,43,2009,Yes,1.0,40.86538461538461,36.05769230769231,y
602142364,43,2009,Yes,,17.0,17.0,y
604598361,45,2009,Yes,1.0,8.5,17.582417582417584,n
604598361,48,2009,Yes,1.0,12.0,12.0,n
609766363,43,2009,Yes,,32.0,32.0,y
609799628,42,2009,Yes,2.0,28.846153846153847,48.07692307692308,n
609799628,51,2009,Yes,1.0,19.23076923076923,34.61538461538461,n
610423343,48,2009,Yes,1.0,14.0,26.442307692307693,y
617712329,44,2009,Yes,1.0,20.0,20.0,y
618277674,44,2009,Yes,1.0,20.0,19.23076923076923,y
619880079,43,2009,Yes,,8.571428571428571,8.571428571428571,y
620362863,53,2009,Yes,1.0,16.0,19.23076923076923,n
621608766,46,2009,Yes,1.0,11.75,9.615384615384615,y
625086726,48,2009,Yes,1.0,29.82,24.03846153846154,y
627213719,43,2009,Yes,,10.25,11.0,n
627589041,47,2009,Yes,1.0,13.5,14.0,n
631143019,44,2009,Yes,,10.0,8.0,n
631143019,45,2009,Yes,,8.0,8.0,n
631817231,42,2009,Yes,1.0,12.0,15.0,n
633871783,49,2009,Yes,1.0,10.0,17.0,n
635401548,48,2009,Yes,1.0,13.5,16.826923076923077,y
637041012,47,2009,Yes,1.0,25.0,17.307692307692307,y
639434559,43,2009,Yes,5.0,7.0,10.0,y
640309327,43,2009,Yes,1.0,42.5,42.5,y
640837592,45,2009,Yes,1.0,10.71,10.0,y
641187669,49,2009,Yes,1.0,14.423076923076923,28.846153846153847,n
644254375,51,2009,Yes,1.0,40.0,31.25,y
648222396,43,2009,Yes,1.0,7.75,10.0,y
648769336,46,2009,Yes,3.0,17.5,16.0,n
650599251,50,2009,Yes,1.0,16.0,20.0,y
650951433,47,2009,Yes,1.0,19.5,24.03846153846154,y
651474535,42,2009,Yes,1.0,14.5,19.23076923076923,n
653096627,43,2009,Yes,1.0,8.5,12.0,y
653348470,53,2009,Yes,1.0,13.736263736263735,16.0,n
653348470,2,2010,Yes,1.0,13.736263736263735,16.0,n
654707548,51,2009,Yes,1.0,9.0,11.0,y
658028289,43,2009,Yes,2.0,10.0,21.978021978021978,y
658413434,44,2009,Yes,2.0,62.5,30.0,y
658436068,44,2009,Yes,1.0,25.0,25.0,n
658436068,51,2009,Yes,1.0,20.0,25.0,y
659754309,52,2009,Yes,1.0,15.224358974358974,21.634615384615383,n
659754309,53,2009,Yes,,19.23076923076923,21.634615384615383,n
659754309,2,2010,Yes,1.0,21.634615384615383,21.634615384615383,y
662397935,46,2009,Yes,2.0,21.0,40.0,n
662397935,50,2009,Yes,1.0,16.0,50.0,n
662397935,51,2009,Yes,1.0,16.826923076923077,40.0,n
662397935,1,2010,Yes,1.0,16.0,40.0,y
663014730,43,2009,Yes,1.0,10.0,21.53846153846154,n
667375958,43,2009,Yes,1.0,9.134615384615385,14.423076923076923,y
668259488,53,2009,Yes,1.0,38.46153846153846,48.07692307692308,n
670769511,48,2009,Yes,1.0,50.0,24.03846153846154,y
672034912,43,2009,Yes,1.0,21.153846153846153,31.25,y
674019579,44,2009,Yes,1.0,10.0,9.0,n
674647284,43,2009,Yes,1.0,29.0,29.0,y
675194530,43,2009,Yes,3.0,12.820512820512821,17.628205128205128,n
675194530,46,2009,Yes,5.0,14.423076923076923,10.576923076923077,n
675928861,47,2009,Yes,1.0,62.5,60.09615384615385,y
678479641,44,2009,Yes,1.0,16.0,28.846153846153847,y
678479641,51,2009,Yes,1.0,17.0,23.076923076923077,n
680216823,51,2009,Yes,,10.0,12.0,n
680424149,46,2009,Yes,,14.423076923076923,31.25,n
682636809,48,2009,Yes,1.0,7.0,15.0,n
684770035,43,2009,Yes,1.0,8.0,33.65384615384615,n
684770035,45,2009,Yes,1.0,8.0,33.65384615384615,n
685611928,44,2009,Yes,1.0,9.0,9.5,y
688365871,43,2009,Yes,1.0,12.0,12.5,y
688471655,48,2009,Yes,1.0,51.0,50.0,y
688471655,52,2009,Yes,2.0,51.0,51.0,n
688951355,45,2009,Yes,1.0,12.0,9.0,y
691581684,50,2009,Yes,1.0,8.0,13.0,n
693109402,45,2009,Yes,1.0,11.0,19.23076923076923,n
693109402,51,2009,Yes,1.0,16.826923076923077,19.23076923076923,y
695085362,51,2009,Yes,1.0,65.0,19.23076923076923,y
698156274,42,2009,Yes,1.0,10.0,25.0,n
698360822,52,2009,Yes,,10.0,15.0,n
700480201,43,2009,Yes,1.0,19.23076923076923,9.615384615384615,y
702371493,43,2009,Yes,1.0,14.423076923076923,24.03846153846154,n
702371493,45,2009,Yes,1.0,26.442307692307693,24.03846153846154,y
702594311,43,2009,Yes,2.0,11.0,14.0,y
703274508,46,2009,Yes,,2.7777777777777777,2.2222222222222223,y
706477810,44,2009,Yes,1.0,20.0,14.285714285714286,n
707251923,43,2009,Yes,1.0,8.0,13.0,n
707251923,46,2009,Yes,1.0,14.0,12.0,n
710258238,47,2009,Yes,,8.0,12.01923076923077,n
711467017,43,2009,Yes,1.0,9.0,10.0,y
712301981,45,2009,Yes,1.0,19.23076923076923,16.0,y
713484030,52,2009,Yes,1.0,9.0,7.5,y
713656053,49,2009,Yes,1.0,21.634615384615383,25.0,n
715133752,43,2009,Yes,1.0,9.0,10.0,y
715928675,50,2009,Yes,1.0,12.0,21.5,n
715928675,51,2009,Yes,1.0,21.0,21.5,n
715928675,53,2009,Yes,1.0,21.0,21.5,n
716921321,50,2009,Yes,1.0,15.865384615384615,15.0,y
720115871,6,2010,Yes,1.0,60.0,43.26923076923077,n
721474926,12,2010,Yes,1.0,15.0,20.0,y
722041286,4,2010,Yes,,160.0,160.0,y
722894002,44,2009,Yes,,15.0,20.0,y
723527714,11,2010,Yes,1.0,11.875,33.65384615384615,y
726728349,47,2009,Yes,2.0,11.0,14.423076923076923,n
726728349,48,2009,Yes,2.0,11.5,16.0,n
726728349,50,2009,Yes,1.0,14.0,16.0,n
730141455,4,2010,Yes,1.0,16.666666666666668,16.666666666666668,n
730141455,5,2010,Yes,,16.666666666666668,12.5,n
730141455,7,2010,Yes,,12.5,16.666666666666668,n
730141455,8,2010,Yes,,12.5,16.666666666666668,n
731874280,43,2009,Yes,1.0,10.0,20.0,y
735858781,43,2009,Yes,,10.0,14.423076923076923,n
737019164,4,2010,Yes,,10.0,13.0,n
737871520,50,2009,Yes,1.0,12.0,12.0,y
740041208,6,2010,Yes,1.0,15.0,15.0,y
741599948,12,2010,Yes,1.0,10.0,24.03846153846154,n
742207035,11,2010,Yes,1.0,30.0,15.0,n
743511326,4,2010,Yes,1.0,12.0,12.5,y
744569522,2,2010,Yes,,10.0,7.5,n
745779111,43,2009,Yes,,7.0,19.23076923076923,n
746480728,44,2009,Yes,1.0,40.0,28.846153846153847,n
746480728,11,2010,Yes,1.0,12.307692307692308,24.725274725274726,n
751965777,52,2009,Yes,4.0,16.826923076923077,15.0,n
751965777,53,2009,Yes,,17.307692307692307,15.0,n
752884655,43,2009,Yes,2.0,15.0,13.5,n
752884655,45,2009,Yes,2.0,15.5,13.5,n
752884655,46,2009,Yes,1.0,13.0,13.5,n
752884655,50,2009,Yes,1.0,12.0,13.5,n
753424713,48,2009,Yes,,16.0,12.0,n
753424713,49,2009,Yes,1.0,8.5,12.0,n
753424713,51,2009,Yes,1.0,5.75,10.0,n
753424713,52,2009,Yes,1.0,8.5,10.0,y
754785343,47,2009,Yes,,10.4,10.0,y
755012730,43,2009,Yes,1.0,7.5,8.75,n
757131026,10,2010,Yes,2.0,9.5,11.0,n
757131026,11,2010,Yes,1.0,12.75,13.0,y
757949517,48,2009,Yes,1.0,12.0,12.0,y
759782806,42,2009,Yes,,14.0,13.0,y
759782806,3,2010,Yes,1.0,14.0,14.0,n
759782806,6,2010,Yes,1.0,13.0,14.0,n
760073339,5,2010,Yes,1.0,8.0,8.0,n
760371161,43,2009,Yes,1.0,30.0,24.03846153846154,y
761400817,52,2009,Yes,1.0,13.75,25.0,y
761443128,47,2009,Yes,1.0,8.0,10.0,n
762102110,43,2009,Yes,4.0,9.5,8.0,y
762572122,45,2009,Yes,1.0,8.5,9.0,n
762706109,3,2010,Yes,1.0,7.25,8.5,n
763757218,50,2009,Yes,,15.0,15.0,n
767639020,45,2009,Yes,1.0,14.423076923076923,19.23076923076923,y
768832172,13,2010,Yes,1.0,10.8,10.8,y
769760476,49,2009,Yes,,10.0,15.0,y
771252655,42,2009,Yes,1.0,14.0,12.5,n
772368643,7,2010,Yes,1.0,11.0,13.0,n
772368643,10,2010,Yes,1.0,11.0,13.0,y
774006835,43,2009,Yes,1.0,5.0,10.0,y
774181312,9,2010,Yes,,8.9,9.0,y
774634416,43,2009,Yes,1.0,10.0,12.0,n
776988814,12,2010,Yes,1.0,17.5,16.826923076923077,y
778157061,52,2009,Yes,2.0,14.0,12.0,y
779548280,45,2009,Yes,1.0,25.0,20.0,n
